,alpha001,alpha002,alpha003,alpha008,alpha011,alpha013,alpha014,alpha015,alpha018,alpha021,alpha023,alpha027,alpha045,alpha048,alpha049,alpha050,alpha051,alpha052,alpha053,alpha054,alpha055,alpha056,alpha068,alpha070,alpha071,alpha073,alpha075,alpha076,alpha077,alpha078,alpha079,alpha080,alpha081,alpha085,alpha086,alpha087,alpha096,alpha098,alpha100,alpha103,alpha108,alpha109,alpha110,alpha111,alpha113,alpha116,alpha120,alpha122,alpha124,alpha142,alpha144,alpha146,alpha147,alpha148,alpha160,alpha161,alpha162,alpha163,alpha164,alpha165,alpha166,alpha167,alpha168,alpha169,alpha170,alpha173,alpha174,alpha175,alpha176,alpha178,alpha183,alpha187
alpha001,1.0,-0.07341567340228784,-0.5560074376744338,0.552829433070999,-0.5874236508262916,-0.156328523992582,-0.53219724182909,0.12199491585928529,0.0941405740515231,0.4188710258618864,0.6389079257661148,-0.09353767259884423,-0.029171429161752912,0.4269677891760688,0.49178208307353494,0.5660828377967843,0.5968774060692397,0.0941405740515231,0.08231544126472623,0.12451461011476772,0.17065291792117346,0.22749320503631387,0.43031482687868317,0.47311226392951605,0.5123318235047235,0.4188710258618864,0.6389079257661148,-0.14873107239707506,-0.1654545333890673,-0.17994054781204186,0.33231270138895347,0.29859324784499514,0.26999113663733953,0.26114405386291617,0.3922761415624532,0.4650624140103938,0.13389896240838645,-0.12851032657550884,-0.17333456632539676,0.18176852063506382,0.16061052586064156,-0.2599878301798545,0.7938347323541675,-0.1276469823977799,0.0581639394497794,0.590779049727543,0.13858992228081474,0.15806857285895887,0.18460696073671387,0.7470393981916954,0.5541855084737165,0.49358745672128884,0.3219218040480503,0.6634522736325292,0.5231374380696979,-0.494191970993089,0.40973559538225995,-0.4190500477662101,0.3274906569524431,-0.3433792396466862,0.40530572804120324,-0.4205470872107668,0.4268328206182239,-0.43568219782736417,0.3023689562332773,0.12101964652590931,0.04392668985116629,-0.053067180435795176,-0.055856991797374654,0.13519301556147512,0.517160665811769,0.14773262131116763
alpha002,-0.07341567340228784,1.0,0.01781961546685822,-0.09520216540143449,-0.05185230358246089,0.06342494708078172,0.004354379465392213,-0.013651287206935337,0.0828862384958513,-0.006458805253588739,-0.03968215382193559,0.45532669114423613,-0.06852318346035205,-0.07914267911976691,-0.06700885254499553,-0.05292079015041863,-0.05949052440065857,0.0828862384958513,-0.011613409930124158,-0.037125546321905,-0.00837254252521027,-0.019224520854752153,-0.00961614377986631,-0.001349119367636154,-0.003194798799983225,-0.006458805253588739,-0.03968215382193559,0.020024232384571974,0.021880491656131134,0.024155579398175316,-0.08268408228824072,-0.08815969001969846,-0.09498577688468911,0.07079020371685155,0.055903515777128696,0.055710200387341015,-0.014479754760323676,0.07482618417597353,0.031805491924747416,-0.06437241036197855,0.033765117080650456,0.033092026745470106,-0.030329433649094368,0.021249773634345166,-0.08362119963886686,-0.03390559708568846,0.14474047977350007,0.33373096480571024,-0.5317089604688691,-0.06294033585102868,-0.03901816803574959,0.05946330433718372,-0.23064529995108346,-0.009393470379171863,-0.024318305163512972,0.009732199097725895,-0.009514654865148006,-7.82691727141814e-05,-0.020791713166449146,0.03269276202723815,-0.006568829764117256,-0.00697816729113711,-0.013694316202842383,-0.018101581858118877,-0.008624025547183901,-0.016998910853829294,0.04956830241141706,0.0365093579485284,-0.6882384374065302,-0.9113786772192904,-0.03995370986951165,-0.060606175999968995
alpha003,-0.5560074376744338,0.01781961546685822,1.0,-0.8190177209180577,0.6924856528295479,-0.19398237639312546,0.9065962817666942,0.06440214189748558,0.05423683637829021,-0.27998638013422295,-0.38833824238014847,-0.09228739505051484,-0.0005016654847470762,-0.383607554691456,-0.4413730766772385,-0.5325267994321906,-0.5662962433734032,0.05423683637829021,0.018049477272941226,-0.035462262597747776,-0.10043388434326302,-0.18690101775014686,-0.8038037674680384,-0.8411258049463644,-0.8813537356559322,-0.27998638013422295,-0.38833824238014847,-0.07066158817344058,-0.04268647632750269,-0.02163343021659318,-0.0367600406441102,-0.006970485290554922,0.019930766812884894,-0.3023785970879934,-0.4047993284575013,-0.4275473795036407,-0.09227920254768747,-0.23328131867819338,-0.15026685546669924,0.16102771206026661,-0.35832900142625485,0.319361361461523,-0.6173480034461722,0.08536822636846361,-0.02238803325200554,-0.4141077224629052,-0.11042054766141544,-0.1977161615589268,-0.2350850538188564,-0.5772490149265715,-0.34615131441983477,-0.34401155223613955,-0.5346603916963522,-0.4676397970964781,-0.42121753340931506,0.22396303578963556,-0.2885937294888052,0.2230498491535138,-0.2882395981685882,0.09696643085300591,-0.332851694696822,0.18264995424864017,-0.207603159847822,0.31501819401234665,-0.1533621737394033,0.1182138232963323,-0.005654191399454648,0.03973470926107452,0.29437832786542645,-0.05986707923481354,-0.44479414502049286,-0.13215942979093173
alpha008,0.552829433070999,-0.09520216540143449,-0.8190177209180577,1.0,-0.5607777715699019,0.20474095929510938,-0.8973207273208108,-0.15997773876187743,0.013591721406899277,0.23528242703935598,0.3952506094760074,0.09771936080724829,0.03768427009085146,0.4235188332001008,0.5191023111650445,0.6113019568302419,0.6012702935867732,0.013591721406899277,0.054809229795272155,0.1255240649575574,0.2053430993939019,0.26297168058900006,0.7988589278599612,0.8653542516519336,0.9086433019429719,0.23528242703935598,0.3952506094760074,0.0812907052549322,0.05886414437452414,0.04240525215454778,0.010525906792907493,-0.023689231568640362,-0.05033984425630401,0.38542291212220803,0.4648932248037627,0.46403219069160495,0.13142053093332154,0.24402866400965423,0.16996468613967738,-0.16721355390757203,0.3107520800867711,-0.41245620049557663,0.6067181942314831,-0.04008577186870717,-0.011201310416996993,0.4412275950936955,0.15952179043399523,0.20385474699631323,0.40856931468283314,0.5782255479887456,0.33589647902801567,0.3116976487635319,0.5941004969176688,0.4490524781556346,0.3294296519136628,-0.20699680149921326,0.2053429902859969,-0.18871702836152884,0.21103359554682832,-0.11022056434803351,0.22705569265233505,-0.16535535418041516,0.22923118181231458,-0.27248317610826434,0.15813717194495697,-0.11905147853043187,-0.007855008077384361,-0.05412905927151621,-0.19521189917303916,0.1338886813203464,0.40956887681377246,0.14845406357732124
alpha011,-0.5874236508262916,-0.05185230358246089,0.6924856528295479,-0.5607777715699019,1.0,-0.03156282540426525,0.6247973891774062,-0.01810920774661622,0.08734858209767517,-0.19396720672300735,-0.3399418607067952,-0.11542226587231845,0.00598128401761997,-0.31151896450409866,-0.3416343538332344,-0.4102104713638084,-0.4250599973151023,0.08734858209767517,0.023639273739422664,-0.011032784155595088,-0.05613180508032898,-0.15828967775695804,-0.5858116309645539,-0.5937439459460102,-0.6229094232156962,-0.19396720672300735,-0.3399418607067952,0.11549942302167629,0.1361334005046554,0.15179139243269366,-0.04572569540748239,-0.017405232910670462,0.0016112839033822787,-0.4124060480609066,-0.49824495048440115,-0.4976362658541108,0.06684615264350191,-0.04340787320781201,-0.0059441322088482455,0.02331830861233524,-0.3130995152694958,0.33752240584595317,-0.5513056360936616,0.12407245888453083,-0.020085834279661242,-0.3321972444699095,-0.1464878880772402,-0.172400717752579,-0.14891585462794782,-0.5053660190221352,-0.2375751744146916,-0.3162708858790756,-0.4513993441458433,-0.38741390622915944,-0.394234132980887,0.22551591111998287,-0.24573867643360028,0.17463527439529672,-0.22438759811985828,0.09190534241904942,-0.27023444549521125,0.15092921989300254,-0.23044415782752498,0.30860907156225476,-0.1350895624559775,-0.07920232731796048,-0.2162855289756872,-0.1534158591219579,0.3544467721684617,-0.006058552613535564,-0.44961489234581536,-0.115347854357654
alpha013,-0.156328523992582,0.06342494708078172,-0.19398237639312546,0.20474095929510938,-0.03156282540426525,1.0,-0.19333714099998833,-0.07974097935490453,0.09758151882405901,-0.1850210580831438,-0.2173826495426588,0.05811153890162741,0.025364074192952432,-0.21015281387274526,-0.17452691860499134,-0.16500773169187202,-0.1667188059892904,0.09758151882405901,0.11824028988312571,0.0953033670156112,0.11957221232799553,0.1313019487889542,0.1482596428583784,0.18154382531088714,0.1902068881702527,-0.1850210580831438,-0.2173826495426588,0.6214993309108081,0.6120187004365762,0.5979557657636505,-0.37130324440353785,-0.3891930912063749,-0.4191360778643377,0.06023512804525931,0.05769345131332115,0.04179668599432318,0.29471677286415776,0.9902452501782903,0.9889566273159625,-0.9894097751641706,0.03544350505817964,-0.017563961000457658,-0.07755200684285471,-0.004603234725589303,0.08451583700414654,-0.22847089089567402,-0.019908889995552917,0.045335867058907395,0.05767036636423509,-0.06268736799621419,-0.1186234352188578,-0.133367114329804,0.1259139249495136,-0.12537566305032416,-0.10987190246505528,0.13731682915875595,-0.14830744216206831,0.1611708659847637,-0.0991706461364957,0.1404450731548191,-0.1250109197472968,0.1592551541138665,-0.11789112759791742,0.11408629817044674,-0.0946305995906656,-0.6336988551572831,-0.3430418575604932,-0.32029724515693897,-0.11344323632689053,-0.06582687809757445,0.08374582008730191,0.04678370642059493
alpha014,-0.53219724182909,0.004354379465392213,0.9065962817666942,-0.8973207273208108,0.6247973891774062,-0.19333714099998833,1.0,0.19509492297042894,0.017942999885498398,-0.27953242027556097,-0.37423998407794545,-0.12169126782771482,-0.029296664548509477,-0.43077064934135445,-0.4918352958928603,-0.5741209729900972,-0.606763275935464,0.017942999885498398,-0.001544042846279839,-0.04647800941608988,-0.11928919323853536,-0.20480365821197136,-0.9057552384452898,-0.9487170513408828,-0.9794488199780171,-0.27953242027556097,-0.37423998407794545,-0.0858359088101574,-0.06022662200012504,-0.043084051589373625,-0.0026794157168588996,0.027243946413890822,0.05203262797271032,-0.36182929966277333,-0.4485021082622178,-0.4530138828509666,-0.09057768092514835,-0.2360800246964955,-0.1504732036167024,0.15649353866351914,-0.3633253040039181,0.38092029349233036,-0.5933775594717046,0.056094683876232426,0.0015119118203684998,-0.42359995606926726,-0.14383160984237423,-0.2292708198140858,-0.27958059336241153,-0.5842265458552826,-0.3369048824259305,-0.36092017566540097,-0.5787577123548725,-0.4753127815951938,-0.37633356565796955,0.1731912162968662,-0.25411709840008323,0.19286853183283167,-0.26497797795872796,0.045223558795998646,-0.29713957328536483,0.1458824944065428,-0.17349902775366233,0.29472822374405633,-0.11377963451557192,0.12964305989257485,-0.0035828368176219908,0.027271245950377762,0.3194628010116452,-0.03975305268984256,-0.4065173137487423,-0.09573824629751748
alpha015,0.12199491585928529,-0.013651287206935337,0.06440214189748558,-0.15997773876187743,-0.01810920774661622,-0.07974097935490453,0.19509492297042894,1.0,-0.06709808022101513,-0.014814224784421055,0.07292963097857873,-0.17281224057718017,-0.09658996155740823,-0.13950395955990424,-0.07047853348484816,-0.03708605360765855,0.006538262995130944,-0.06709808022101513,-0.032154791106227265,0.004966823113344458,0.015343404176853035,0.019473312122133008,-0.31834734419416216,-0.2637043623438668,-0.23358349009802862,-0.014814224784421055,0.07292963097857873,-0.03782668457172168,-0.037227877186905865,-0.04018127222727047,0.16968820368708765,0.16217272599819407,0.15212560154822788,-0.1806434571170701,-0.10796332709915914,-0.03825527706888307,0.06730625936110027,-0.10292157232071658,-0.04296773753356789,0.05253311019449411,-0.09602101339478199,0.06502397267846119,0.05788985874333422,-0.1773932061253868,0.15845810320144987,-0.004147639342085103,-0.23481080019241096,-0.1608374905741648,-0.16568081943168997,0.1349305434403894,0.16767345787170804,0.11599423864289495,-0.21005836768041403,0.1419053575623284,0.03464635836900527,-0.08891904443592273,-0.02622957338674197,-0.006142137491066268,0.008234939799885585,-0.1204267695164033,-0.024285445394131487,-0.07336983877893605,0.14249381714913625,-0.042667346940401134,0.1397076011847952,0.04138372895271051,-0.041678413873360465,-0.08578394751906701,0.19286702156873317,0.05387120996853602,0.015425740628780512,0.025671399301949612
alpha018,0.0941405740515231,0.0828862384958513,0.05423683637829021,0.013591721406899277,0.08734858209767517,0.09758151882405901,0.017942999885498398,-0.06709808022101513,1.0,0.22107297634404982,0.08672203727385976,0.09676439230533417,-0.009864027458550985,0.4257645530408799,0.41165273965790133,0.39495379063203856,0.39313817451775496,1.0,0.8117132228808291,0.7212546950742058,0.7067281927915494,0.6928572702905185,-0.055491248215087136,-0.041417278984020485,-0.03919399786914846,0.22107297634404982,0.08672203727385976,0.25750435370716984,0.267675202572704,0.2767530474932501,0.3972217483886071,0.37158561977233084,0.33398648170369927,0.3254762039373237,0.31734109596136945,0.35384683102523856,0.7494306198297974,0.11661984274038052,0.09098294401447239,-0.05574358007615419,-0.4000510754546973,-0.01805330433302727,0.04945648044407997,-0.06966707822643584,0.10077734890054686,0.11212635679663897,0.43406411067782746,0.2563775121543101,0.07027808471979441,0.21734251463142074,0.3045382190493831,0.07964171840460588,-0.11118151201634095,0.22342482799196883,-0.0391648365600312,-0.33661032879802416,0.048549394674310534,-0.24765094912820929,-0.05829712409926627,-0.24313774105489397,-0.05921214481032397,-0.29195520700711136,0.04599183627904496,-0.08442611048318709,0.015067059115444951,-0.23529255347025857,-0.5851885539296879,-0.6305594884899524,0.06515509531636246,-0.08221429759261091,0.04130639996818932,0.07288959656717255
alpha021,0.4188710258618864,-0.006458805253588739,-0.27998638013422295,0.23528242703935598,-0.19396720672300735,-0.1850210580831438,-0.27953242027556097,-0.014814224784421055,0.22107297634404982,1.0,0.722653459671595,-0.010748145544720698,-0.04104611448665753,0.5193942816000652,0.5477596798880584,0.5703530730694897,0.5777212512417049,0.2210729763440498,0.17197808383102528,0.17329204670487497,0.189192915137519,0.25183861857054396,0.18957564917032807,0.23824205537567977,0.2521568194849867,1.0,0.722653459671595,-0.13803735149014318,-0.15267941757809358,-0.16455582122668672,0.5596165932139899,0.5422356641840472,0.5142829009147913,-0.0807491258007161,0.06069712914551531,0.19679575642677347,0.30997339712065813,-0.16821007171755994,-0.19329765056717596,0.2105806543979657,0.08616880729716843,-0.08410217469830339,0.5082798244243821,0.03050814434861987,-0.05182301513330982,0.6148545704521596,0.037801534225956245,0.10215762461102455,0.04934108493824452,0.40477955960697515,0.5826438812382215,0.32285155622464645,0.11716956798799348,0.5412222944759282,0.5105673418755405,-0.5796066256312652,0.6579970446107298,-0.680261403499448,0.5471793403059195,-0.5056206643138322,0.6142502804926541,-0.6424088034219864,0.39908800273460954,-0.4803011095586837,0.41773129543633797,0.11154085464395343,-0.21158713336836563,-0.28729229658009786,0.0260299007471635,0.03522006647758576,0.12102554144034693,0.04453968482611061
alpha023,0.6389079257661148,-0.03968215382193559,-0.38833824238014847,0.3952506094760074,-0.3399418607067952,-0.2173826495426588,-0.37423998407794545,0.07292963097857873,0.08672203727385976,0.722653459671595,1.0,-0.026451118945739694,-0.012389514575068348,0.4551177048551473,0.4903359244356218,0.5395918107178783,0.5520807068166884,0.08672203727385977,0.05657044569201398,0.08447065974782501,0.10015748929311957,0.16785260641980462,0.2933159866356968,0.3296870049066323,0.35696093261713646,0.722653459671595,1.0,-0.20804343506110667,-0.2242159103249307,-0.23833860819779362,0.4727867464706595,0.45178183542948425,0.43083047040405775,0.08090581036437039,0.2016542588677023,0.2976089892747532,0.16836447206907265,-0.19180502698162633,-0.2320781228728932,0.247448934197633,0.23600625883533663,-0.224914422611214,0.7469993821848702,-0.018927488865234356,-0.035390919165348186,0.7917859752789426,0.1029234467563517,0.1347865545872163,0.12450334903836748,0.5576310611577535,0.6262835991327402,0.44962286980418076,0.21858846215855307,0.6509912917255675,0.5794718512910184,-0.566288190596157,0.5635375725970991,-0.5726218396961276,0.5024937399769392,-0.4732386231844846,0.5547526864218797,-0.5653696999576814,0.46348371998695864,-0.48611623212809485,0.45194246779620073,0.17960515198982152,-0.01731599646696612,-0.11409980561479238,-0.0031926360176197824,0.09202679911702295,0.25858647846145205,0.1546729420603324
alpha027,-0.09353767259884423,0.45532669114423613,-0.09228739505051484,0.09771936080724829,-0.11542226587231845,0.05811153890162741,-0.12169126782771482,-0.17281224057718017,0.09676439230533417,-0.010748145544720698,-0.026451118945739694,1.0,0.054158554093878604,0.18996683506583045,0.11645266471284885,0.058016744844814214,-0.04176790637127123,0.09676439230533423,0.058684537081290615,0.04046957404532962,0.027415362580725074,-0.014812035288457728,0.31829779069171843,0.25182124417066915,0.1988199593876498,-0.01074814554472071,-0.0264511189457397,-0.004400981467751621,-0.0030902511251165487,0.00045283242566580796,-0.1626243067274681,-0.16304890415814,-0.15788121998191415,0.2991776771679532,0.21909160750891457,0.1484415575648565,-0.06762568690833137,0.10250226458349518,0.013030435265015721,-0.05028761018966281,0.12511720185737027,-0.09588071039738612,-0.02170016940570221,0.16413031390318958,-0.21453948948290305,-0.04303803804468338,0.23861676560316344,0.5098209662687779,0.028123888896200808,-0.12448165558324945,-0.09801888526464142,0.0033801066198230556,0.3000504653058079,-0.06517664735344116,0.011764456005540472,0.03890640594681171,-0.0013647450319852425,0.013705265795122077,-0.0008894167513398548,0.06910823273870682,0.007371763937856086,0.005340474784651609,-0.11377350926537659,0.01940407291974165,-0.10533815567174726,0.004159477713339405,0.09911944089097259,0.12634322559599284,-0.6848001468451909,-0.45043248047248197,-0.000968368731231463,-0.103837945663336
alpha045,-0.029171429161752912,-0.06852318346035205,-0.0005016654847470762,0.03768427009085146,0.00598128401761997,0.025364074192952432,-0.029296664548509477,-0.09658996155740823,-0.009864027458550985,-0.04104611448665753,-0.012389514575068348,0.054158554093878604,1.0,0.0134574801910276,-0.014498377300120397,-0.015501717012268202,-0.020753241071186337,-0.009864027458550969,0.031100008951439023,0.00013665428084989363,0.00020162838468884884,-0.029361469664268124,0.06372888946732358,0.042077100323847615,0.038767941831766226,-0.04104611448665753,-0.01238951457506834,-0.001260494662613895,-0.0007542237870040492,-0.0013278044334959131,-0.06572101168807835,-0.06313122917247714,-0.05606083164489718,0.04118810246106874,0.009294334240376678,-0.012819717223240547,-0.03864065276630287,0.03338736009115893,0.016939052569426502,-0.01921977707388794,0.05543025891950446,-0.05156360670728924,-0.030348336619550213,0.03821773956806101,-0.0010761987908165752,-0.016695307168547387,0.036811945375362615,0.03246951499390058,0.08985901674160948,-0.09399431286628063,-0.058347557388448525,-0.03266930401959629,0.065554031032139,-0.06418745320355523,-0.002988750983193063,0.03758076203152892,0.02827143891132262,0.0031576927391299657,-0.027676994330288834,0.016471959726075302,0.017246036647738886,0.012138771639465971,0.04381314579810504,0.026380331312037757,0.029980729646778958,0.0020401223412559047,0.040437293513394874,0.052254184394759345,-0.020884507229460586,0.04451691425775763,-0.0225962108756974,-0.02626909023188224
alpha048,0.4269677891760688,-0.07914267911976691,-0.383607554691456,0.4235188332001008,-0.31151896450409866,-0.21015281387274526,-0.43077064934135445,-0.13950395955990424,0.4257645530408799,0.5193942816000652,0.4551177048551473,0.18996683506583045,0.0134574801910276,1.0,0.932261330167274,0.8878830271772096,0.8599003152823743,0.4257645530408799,0.4693068707549568,0.4662652227711969,0.4442477279428449,0.4988403930139045,0.5065378019056183,0.47248436204470534,0.4290079357426313,0.5193942816000652,0.4551177048551473,-0.2539432810323767,-0.259588091267118,-0.2623318141947817,0.7049894753882713,0.6841343632488982,0.6636661846442029,0.27466425767252906,0.3473765236232959,0.41983001069393666,0.4085291124615972,-0.17493200152550326,-0.22904122175056826,0.23748263916625925,-0.1086115786389381,-0.2655878468026697,0.4370189426217524,0.014577610822646463,-0.0473982599080154,0.4690256795114967,0.17863727853944328,0.26621822636193415,0.3602234154638426,0.4334110902759108,0.4979117976128202,0.2330024766776169,0.44031560882962245,0.47073359580005125,0.2866555665335993,-0.5128643252349322,0.3451573034939658,-0.4757382063794218,0.23405457689067113,-0.38030817448052334,0.27972923439294484,-0.48600758790389065,0.24257717369932863,-0.32052855808165287,0.18835671743346405,0.24500381666372562,-0.20953423373066601,-0.29249290463968974,-0.0955512220338019,0.08954299829334679,0.2047726885602054,0.0810521788221758
alpha049,0.49178208307353494,-0.06700885254499553,-0.4413730766772385,0.5191023111650445,-0.3416343538332344,-0.17452691860499134,-0.4918352958928603,-0.07047853348484816,0.41165273965790133,0.5477596798880584,0.4903359244356218,0.11645266471284885,-0.014498377300120397,0.932261330167274,1.0,0.950929921617563,0.9179631923066862,0.4116527396579013,0.45022512285279065,0.5204568863444142,0.5080840024117074,0.555922898187837,0.46781317386380533,0.5445677510122825,0.494597139250258,0.5477596798880584,0.49033592443562185,-0.18726103522119522,-0.19552824229829247,-0.20038971296122485,0.7220028448630599,0.6945755254744381,0.6670743041313596,0.25154220219038725,0.3585196793087579,0.4482924140118009,0.4749784175042983,-0.1448146809007537,-0.1889322382336075,0.20714334195026626,-0.12047241721366467,-0.31778544949492066,0.49214119518989824,-0.012527810739672202,-0.01738922482534409,0.5167725798086569,0.17008131043678065,0.20178525727645516,0.2964556058910098,0.5252603772310566,0.5708485400954161,0.30255256029167255,0.3940666661648596,0.552413756785811,0.3051712963988917,-0.5249932737368628,0.3461077362967353,-0.4849538662690901,0.25337203378938006,-0.3916982106727275,0.29427564019539626,-0.500815043306509,0.2821151211894321,-0.343951958380311,0.21531319863513756,0.17426226551479723,-0.27268027281894386,-0.3645988550461565,-0.027487080317224015,0.07652047896648413,0.22769424342241298,0.08445988068429165
alpha050,0.5660828377967843,-0.05292079015041863,-0.5325267994321906,0.6113019568302419,-0.4102104713638084,-0.16500773169187202,-0.5741209729900972,-0.03708605360765855,0.39495379063203856,0.5703530730694897,0.5395918107178783,0.058016744844814214,-0.015501717012268202,0.8878830271772096,0.950929921617563,1.0,0.970208336089872,0.39495379063203856,0.4205638812592808,0.486849893223446,0.5193539813347682,0.5629281170555454,0.485956771800889,0.5565047407123546,0.5758108170476328,0.5703530730694897,0.5395918107178783,-0.19723537683823075,-0.2090039855813598,-0.21703519066552385,0.7239082613683724,0.6936927957954251,0.6625010645189037,0.2617155202219773,0.38236645457761237,0.4820341556536748,0.4651552257370191,-0.13673784275969983,-0.17981247173903256,0.19797050948911538,-0.08868638679352328,-0.3250847210420512,0.5803095995976955,-0.02337810606623788,-0.002989887273059543,0.5583575372613836,0.17424763197918117,0.18314487109013974,0.25293900407507075,0.6055760730063406,0.6059682876550901,0.3524723234960628,0.37152686878212393,0.6100837376382949,0.36003266990179067,-0.5651464599208155,0.3896110970784597,-0.5192732730887399,0.2971948910182011,-0.43000077273584,0.3333557511399996,-0.5329366344584567,0.3070380172800459,-0.37442514945211686,0.23668503622339832,0.17872422978113545,-0.2527870978130728,-0.3520102175254363,-0.015989772411641682,0.07358484788390907,0.28899630540112164,0.11672312454234228
alpha051,0.5968774060692397,-0.05949052440065857,-0.5662962433734032,0.6012702935867732,-0.4250599973151023,-0.1667188059892904,-0.606763275935464,0.006538262995130944,0.39313817451775496,0.5777212512417049,0.5520807068166884,-0.04176790637127123,-0.020753241071186337,0.8599003152823743,0.9179631923066862,0.970208336089872,1.0,0.393138174517755,0.4127874241159776,0.467635218651379,0.5022604156136639,0.5635828470011292,0.4779068666776393,0.5428650097917105,0.5650620031332146,0.5777212512417049,0.5520807068166884,-0.18903445144322253,-0.20189454481562807,-0.21101066637676458,0.7393951219398196,0.7076911957664439,0.6740284096618442,0.2373947200063714,0.3729942498060605,0.4840847472190226,0.48194672787134524,-0.14005464887547173,-0.17840511494729602,0.20050134557703825,-0.08726017581163424,-0.3214223759301412,0.6060794443370279,-0.05718632520455658,0.03247087749452918,0.573890866141161,0.16672932667593648,0.17676448963873864,0.22922918979057014,0.6447413502516027,0.6418140160490847,0.3837139276153687,0.350202139747653,0.6458186234787775,0.376017794455944,-0.5746023125137103,0.3979558051352567,-0.5242666718608211,0.3000318740101338,-0.4364480539333885,0.33992471305116284,-0.5401307878997567,0.34478091262160315,-0.39582481480345644,0.2651830424536332,0.16927532835070463,-0.2656189440745157,-0.3714765476845033,0.01711917000608741,0.08198870314204088,0.30938932109479117,0.1321097814559771
alpha052,0.0941405740515231,0.0828862384958513,0.05423683637829021,0.013591721406899277,0.08734858209767517,0.09758151882405901,0.017942999885498398,-0.06709808022101513,1.0,0.2210729763440498,0.08672203727385977,0.09676439230533423,-0.009864027458550969,0.4257645530408799,0.4116527396579013,0.39495379063203856,0.393138174517755,1.0,0.8117132228808291,0.7212546950742058,0.7067281927915494,0.6928572702905185,-0.055491248215087136,-0.041417278984020485,-0.03919399786914846,0.22107297634404982,0.08672203727385976,0.25750435370716984,0.267675202572704,0.2767530474932501,0.3972217483886071,0.37158561977233084,0.33398648170369927,0.3254762039373237,0.31734109596136945,0.35384683102523856,0.7494306198297974,0.11661984274038052,0.09098294401447239,-0.05574358007615419,-0.4000510754546973,-0.01805330433302727,0.04945648044407997,-0.06966707822643584,0.10077734890054686,0.11212635679663897,0.43406411067782746,0.2563775121543101,0.07027808471979441,0.21734251463142074,0.3045382190493831,0.07964171840460588,-0.11118151201634095,0.22342482799196883,-0.0391648365600312,-0.33661032879802416,0.048549394674310534,-0.24765094912820929,-0.05829712409926627,-0.24313774105489397,-0.05921214481032397,-0.29195520700711136,0.04599183627904496,-0.08442611048318709,0.015067059115444951,-0.23529255347025857,-0.5851885539296879,-0.6305594884899524,0.06515509531636246,-0.08221429759261091,0.04130639996818932,0.07288959656717255
alpha053,0.08231544126472623,-0.011613409930124158,0.018049477272941226,0.054809229795272155,0.023639273739422664,0.11824028988312571,-0.001544042846279839,-0.032154791106227265,0.8117132228808291,0.17197808383102528,0.05657044569201398,0.058684537081290615,0.031100008951439023,0.4693068707549568,0.45022512285279065,0.4205638812592808,0.4127874241159776,0.8117132228808291,1.0,0.8485724132274942,0.7801434684306305,0.7667570765991264,-0.008770876693927529,-0.0004956929839020118,-0.01373017160129609,0.1719780838310253,0.05657044569201397,0.24710212217556704,0.2579129287550239,0.26656413226897807,0.38501764863055404,0.35455235911262967,0.3171898256801735,0.41420316297835197,0.39493299732517473,0.415481886911694,0.7245768948403037,0.13723629811499596,0.1079302587713113,-0.0753445949322151,-0.3895511917974228,-0.16913692199346508,0.059454667756884565,-0.0773129455259618,0.0936130431547282,0.11275262288122681,0.23850129208930104,0.11863723119172241,0.12907859932638882,0.20694961055409464,0.28076849952125404,0.035063924065943705,0.04025170233657378,0.19806598382052323,-0.06768967118565601,-0.32748296847223746,0.004571477165989252,-0.19982383124562822,-0.09108532221341416,-0.24631754904918823,-0.10104081881169058,-0.2523574446285666,0.03437103422708986,-0.06946392938071845,0.011329185103678911,-0.22360996618548099,-0.5547356411755399,-0.6106916463235071,0.11742033143990328,-0.027648210576647434,0.050139912119362084,0.027515200303410627
alpha054,0.12451461011476772,-0.037125546321905,-0.035462262597747776,0.1255240649575574,-0.011032784155595088,0.0953033670156112,-0.04647800941608988,0.004966823113344458,0.7212546950742058,0.17329204670487497,0.08447065974782501,0.04046957404532962,0.00013665428084989363,0.4662652227711969,0.5204568863444142,0.486849893223446,0.467635218651379,0.7212546950742058,0.8485724132274942,1.0,0.8823419475767378,0.8353098521971708,-0.0014758296319390617,0.06680147645911896,0.04178306899839727,0.17329204670487497,0.08447065974782506,0.23092509087088472,0.2399600984212853,0.24672220003825102,0.41421090427033663,0.37814653964179057,0.33668712639242887,0.4244387994654246,0.4314959660629179,0.45580362533794616,0.7273078140951665,0.1097676378047833,0.09175388105438718,-0.05202603948081683,-0.34269503914304683,-0.2678427089187139,0.11427664377844463,-0.05764712137435792,0.08355531571036508,0.174067139684311,0.20271192438135208,0.10710887537219042,0.13197896359129688,0.24430235229211014,0.31389588681357833,0.026635563776300015,0.07407311245244148,0.2158422342619063,-0.055874186042513686,-0.30808694244819945,0.001870176489971601,-0.19203385032018444,-0.09527068700096986,-0.22611344543422396,-0.08406484236985844,-0.24779071968788519,0.08653688587832506,-0.08744387332315721,0.05584947464501587,-0.21083807820404862,-0.5442989790342486,-0.6186099297107577,0.12423264389710707,0.015462426894232408,0.06728045258830927,0.06885342861618635
alpha055,0.17065291792117346,-0.00837254252521027,-0.10043388434326302,0.2053430993939019,-0.05613180508032898,0.11957221232799553,-0.11928919323853536,0.015343404176853035,0.7067281927915494,0.189192915137519,0.10015748929311957,0.027415362580725074,0.00020162838468884884,0.4442477279428449,0.5080840024117074,0.5193539813347682,0.5022604156136639,0.7067281927915494,0.7801434684306305,0.8823419475767378,1.0,0.9012144750381248,0.04004660616228027,0.11118061743233212,0.11775466414729883,0.189192915137519,0.10015748929311957,0.26335785764329417,0.26905909362540165,0.27254479274906684,0.4073371535832119,0.36670151688117014,0.31881770507923834,0.4332018773135185,0.4695200432648107,0.5101149658811724,0.7411362610680804,0.13582659994178986,0.11402252435303074,-0.07412390677328104,-0.33109840806942326,-0.32097471653149945,0.15533278195747852,-0.07230121848698577,0.07273816997370407,0.18901620219465087,0.2141082894567712,0.11953300727305104,0.09673726737158815,0.2935447052234559,0.32460022177843506,0.039741306477451194,0.06116982573984925,0.2350014091384974,-0.005873014916987011,-0.3377146937593738,0.02824133925890464,-0.21366251710296594,-0.039782634209628354,-0.24746449178629165,-0.051309608075933814,-0.2678390590396034,0.09012044312059703,-0.07495274565737245,0.055326759719762406,-0.24851914215756662,-0.552098294393446,-0.6331088878190976,0.11567684391357205,-0.012369769035185345,0.11916398457061983,0.0789514741077873
alpha056,0.22749320503631387,-0.019224520854752153,-0.18690101775014686,0.26297168058900006,-0.15828967775695804,0.1313019487889542,-0.20480365821197136,0.019473312122133008,0.6928572702905185,0.25183861857054396,0.16785260641980462,-0.014812035288457728,-0.029361469664268124,0.4988403930139045,0.555922898187837,0.5629281170555454,0.5635828470011292,0.6928572702905185,0.7667570765991264,0.8353098521971708,0.9012144750381248,1.0,0.11704656958914633,0.18353910405416415,0.18511785351915605,0.25183861857054396,0.1678526064198046,0.25539490634896944,0.25864488808143765,0.2604508867832738,0.42704873427623685,0.38173997875237586,0.3311763769559712,0.44039570248559134,0.5098519701690358,0.5593728849702407,0.7472902892160408,0.1468373987736896,0.12457107643839986,-0.08522989591038481,-0.28208515325662525,-0.34750575316452426,0.2303031286250009,-0.08405974007004172,0.09110677336125442,0.2584666435695625,0.21228278486597765,0.11004415514298761,0.1317118179992522,0.338827465011843,0.355584517827172,0.02824956859501811,0.10621496272219731,0.2700015619531523,0.042134125680708436,-0.37137984197800805,0.07562179908827162,-0.25396541619485863,0.009141403475830163,-0.28599345723208625,0.001886173246841228,-0.30589005005431014,0.15111131572311853,-0.13485803150617495,0.10766210787890587,-0.24410757755495321,-0.5474478027428419,-0.6430642201404609,0.10310705090467338,0.0033804791977144516,0.15161599894208508,0.04641893910058262
alpha068,0.43031482687868317,-0.00961614377986631,-0.8038037674680384,0.7988589278599612,-0.5858116309645539,0.1482596428583784,-0.9057552384452898,-0.31834734419416216,-0.055491248215087136,0.18957564917032807,0.2933159866356968,0.31829779069171843,0.06372888946732358,0.5065378019056183,0.46781317386380533,0.485956771800889,0.4779068666776393,-0.055491248215087136,-0.008770876693927529,-0.0014758296319390617,0.04004660616228027,0.11704656958914633,1.0,0.946195010360606,0.9232646178463375,0.18957564917032801,0.2933159866356969,-0.015602262576870175,-0.036411036777229025,-0.048555613507627673,-0.10022836311500025,-0.12192722831772813,-0.1331064719218942,0.455440330842644,0.48429290176177414,0.4365424434700697,-0.06381083983556253,0.19850988386209178,0.09741701590420199,-0.12155364658582735,0.39665642804634116,-0.36947940764223003,0.49132429855604287,-0.0019522201585016948,-0.0732985925239224,0.32898548826753327,0.1592581115226992,0.32071744894333787,0.3887879657576907,0.4193431739772341,0.18353791541185827,0.25155820879825236,0.6890237890816474,0.32374913233984737,0.31371574208932435,-0.08842584927032537,0.1903252677165404,-0.11396598361870032,0.2114428304679947,0.029723509996596988,0.24344568728743385,-0.062205702468069356,0.08261551155662797,-0.21683118150420455,0.042882684128365406,-0.021830213472582034,0.14988847934445773,0.14150416039484917,-0.45291483761736434,0.0416533209999394,0.3511241844322535,0.0669023775303039
alpha070,0.47311226392951605,-0.001349119367636154,-0.8411258049463644,0.8653542516519336,-0.5937439459460102,0.18154382531088714,-0.9487170513408828,-0.2637043623438668,-0.041417278984020485,0.23824205537567977,0.3296870049066323,0.25182124417066915,0.042077100323847615,0.47248436204470534,0.5445677510122825,0.5565047407123546,0.5428650097917105,-0.041417278984020485,-0.0004956929839020118,0.06680147645911896,0.11118061743233212,0.18353910405416415,0.946195010360606,1.0,0.9700572532082489,0.23824205537567977,0.3296870049066323,0.055486043096098094,0.03259783584492686,0.018662946883934422,-0.052229887683603114,-0.07936861020418248,-0.09754690362704682,0.4153918326486307,0.47576951557352665,0.4506211999529479,0.031035475243903318,0.22707595366673042,0.1351877642165405,-0.1481160096824442,0.36784522260729563,-0.4086887599817804,0.5295653284688708,-0.023028546425448337,-0.052271625126163866,0.37882362555293136,0.16061368836131906,0.2559478980710772,0.3325245916748333,0.4980328271120747,0.2625106470688847,0.31128117034256086,0.6359063179693885,0.40047953207295595,0.33531835825565526,-0.11837586249810972,0.20480358522539116,-0.1444068889240782,0.23537425639719528,0.00507650624109706,0.26608807885695646,-0.09780348963565708,0.12142895656086478,-0.2449532079692108,0.06867475946658182,-0.09577107451991515,0.057486778432126004,0.040069418749998975,-0.38171371608130744,0.030602580868566705,0.3624367190306837,0.06799289302333708
alpha071,0.5123318235047235,-0.003194798799983225,-0.8813537356559322,0.9086433019429719,-0.6229094232156962,0.1902068881702527,-0.9794488199780171,-0.23358349009802862,-0.03919399786914846,0.2521568194849867,0.35696093261713646,0.1988199593876498,0.038767941831766226,0.4290079357426313,0.494597139250258,0.5758108170476328,0.5650620031332146,-0.03919399786914846,-0.01373017160129609,0.04178306899839727,0.11775466414729883,0.18511785351915605,0.9232646178463375,0.9700572532082489,1.0,0.2521568194849867,0.35696093261713646,0.06568358003148596,0.040736002436866224,0.024482028284503233,-0.04236006403485333,-0.07055604194889023,-0.09167267977378427,0.39883734824513206,0.46883311129992405,0.45569879853710993,0.04127542063379222,0.2340468534908947,0.14498593914886573,-0.15569686177419795,0.37857764803659566,-0.39244686221296027,0.5751284100931003,-0.027932620658911233,-0.04075408911984144,0.3986040075214324,0.15807204016221096,0.23273186373538463,0.298715866818453,0.5472121457787323,0.2888107559727595,0.338404477408961,0.5990174201198903,0.43503049818335815,0.364485214484366,-0.14674294822994371,0.23674028841097416,-0.17077693104005637,0.2634211742816957,-0.028018305502460535,0.2875574849017079,-0.12053403725910734,0.1354837974643617,-0.26564333962929476,0.08228739890693404,-0.10897550729029626,0.05006974920660416,0.02685284631919188,-0.35104518972014803,0.0394887092197317,0.3960669768942149,0.08625027162369926
alpha073,0.4188710258618864,-0.006458805253588739,-0.27998638013422295,0.23528242703935598,-0.19396720672300735,-0.1850210580831438,-0.27953242027556097,-0.014814224784421055,0.22107297634404982,1.0,0.722653459671595,-0.01074814554472071,-0.04104611448665753,0.5193942816000652,0.5477596798880584,0.5703530730694897,0.5777212512417049,0.22107297634404982,0.1719780838310253,0.17329204670487497,0.189192915137519,0.25183861857054396,0.18957564917032801,0.23824205537567977,0.2521568194849867,1.0,0.722653459671595,-0.13803735149014318,-0.15267941757809358,-0.16455582122668672,0.5596165932139899,0.5422356641840472,0.5142829009147913,-0.0807491258007161,0.06069712914551531,0.19679575642677347,0.30997339712065813,-0.16821007171755994,-0.19329765056717596,0.2105806543979657,0.08616880729716843,-0.08410217469830339,0.5082798244243821,0.03050814434861987,-0.05182301513330982,0.6148545704521596,0.037801534225956245,0.10215762461102455,0.04934108493824452,0.40477955960697515,0.5826438812382215,0.32285155622464645,0.11716956798799348,0.5412222944759282,0.5105673418755405,-0.5796066256312652,0.6579970446107298,-0.680261403499448,0.5471793403059195,-0.5056206643138322,0.6142502804926541,-0.6424088034219864,0.39908800273460954,-0.4803011095586837,0.41773129543633797,0.11154085464395343,-0.21158713336836563,-0.28729229658009786,0.0260299007471635,0.03522006647758576,0.12102554144034693,0.04453968482611061
alpha075,0.6389079257661148,-0.03968215382193559,-0.38833824238014847,0.3952506094760074,-0.3399418607067952,-0.2173826495426588,-0.37423998407794545,0.07292963097857873,0.08672203727385976,0.722653459671595,1.0,-0.0264511189457397,-0.01238951457506834,0.4551177048551473,0.49033592443562185,0.5395918107178783,0.5520807068166884,0.08672203727385976,0.05657044569201397,0.08447065974782506,0.10015748929311957,0.1678526064198046,0.2933159866356969,0.3296870049066323,0.35696093261713646,0.722653459671595,1.0,-0.20804343506110667,-0.2242159103249307,-0.23833860819779362,0.4727867464706595,0.45178183542948425,0.43083047040405775,0.08090581036437039,0.2016542588677023,0.2976089892747532,0.16836447206907265,-0.19180502698162633,-0.2320781228728932,0.247448934197633,0.23600625883533663,-0.224914422611214,0.7469993821848702,-0.018927488865234356,-0.035390919165348186,0.7917859752789426,0.1029234467563517,0.1347865545872163,0.12450334903836748,0.5576310611577535,0.6262835991327402,0.44962286980418076,0.21858846215855307,0.6509912917255675,0.5794718512910184,-0.566288190596157,0.5635375725970991,-0.5726218396961276,0.5024937399769392,-0.4732386231844846,0.5547526864218797,-0.5653696999576814,0.46348371998695864,-0.48611623212809485,0.45194246779620073,0.17960515198982152,-0.01731599646696612,-0.11409980561479238,-0.0031926360176197824,0.09202679911702295,0.25858647846145205,0.1546729420603324
alpha076,-0.14873107239707506,0.020024232384571974,-0.07066158817344058,0.0812907052549322,0.11549942302167629,0.6214993309108081,-0.0858359088101574,-0.03782668457172168,0.25750435370716984,-0.13803735149014318,-0.20804343506110667,-0.004400981467751621,-0.001260494662613895,-0.2539432810323767,-0.18726103522119522,-0.19723537683823075,-0.18903445144322253,0.25750435370716984,0.24710212217556704,0.23092509087088472,0.26335785764329417,0.25539490634896944,-0.015602262576870175,0.055486043096098094,0.06568358003148596,-0.13803735149014318,-0.20804343506110667,1.0,0.9989495899645491,0.9954146476697289,-0.2890633265805736,-0.3025117994888208,-0.3312905625775623,-0.0831884929406971,-0.06314367431208504,-0.037572365018949706,0.5704995013341071,0.6359410731994933,0.6015016653735251,-0.5637272724030391,-0.0939754338320768,0.036372776195512165,-0.11851475005163067,-0.02898645646643524,0.09017552555263658,-0.07810097605885125,-0.13893976343771436,-0.03224211066261394,-0.02851549634474017,0.047873741399285914,0.025482015202981746,-0.12923533914092103,0.021212344319252105,-0.041240647826462154,-0.17857817911066695,0.1513342244236881,-0.18465351902464894,0.17167546273077353,-0.1409763231163891,0.16557662379736376,-0.17409595013026033,0.1977493216405752,-0.08810234132939844,0.08724814247878673,-0.06916244815461778,-0.9969122599390985,-0.7216601097323734,-0.6562027772898049,-0.0007542122853418278,-0.04920066908564518,0.002444849722463423,-0.029137263580277614
alpha077,-0.1654545333890673,0.021880491656131134,-0.04268647632750269,0.05886414437452414,0.1361334005046554,0.6120187004365762,-0.06022662200012504,-0.037227877186905865,0.267675202572704,-0.15267941757809358,-0.2242159103249307,-0.0030902511251165487,-0.0007542237870040492,-0.259588091267118,-0.19552824229829247,-0.2090039855813598,-0.20189454481562807,0.267675202572704,0.2579129287550239,0.2399600984212853,0.26905909362540165,0.25864488808143765,-0.036411036777229025,0.03259783584492686,0.040736002436866224,-0.15267941757809358,-0.2242159103249307,0.9989495899645491,1.0,0.998567812948808,-0.2907126779165971,-0.30324261397873187,-0.33063901163113457,-0.08396123708808408,-0.07080948354280182,-0.05014218204960356,0.5718573304253395,0.6258504384182322,0.5929739208365661,-0.554959239506653,-0.113515033971997,0.04217703600430696,-0.13783754299641096,-0.026699758785644907,0.0912513386707096,-0.09214959669158997,-0.13771843478267354,-0.037567377799510894,-0.03351731662318953,0.032319827791690244,0.011458948277523895,-0.14363467092471746,0.00790279300960762,-0.058317098286064926,-0.1992712115374235,0.1572475898569825,-0.2035125873983882,0.18275677744502009,-0.15888823919609305,0.17003340779018813,-0.19612594921849288,0.206940230368513,-0.09913997861409139,0.10093775059062492,-0.07908577513043166,-0.9923644436433031,-0.7264250421046293,-0.657340153749957,0.006907445634660168,-0.052069453146013966,-0.009912575675556954,-0.031587420610311896
alpha078,-0.17994054781204186,0.024155579398175316,-0.02163343021659318,0.04240525215454778,0.15179139243269366,0.5979557657636505,-0.043084051589373625,-0.04018127222727047,0.2767530474932501,-0.16455582122668672,-0.23833860819779362,0.00045283242566580796,-0.0013278044334959131,-0.2623318141947817,-0.20038971296122485,-0.21703519066552385,-0.21101066637676458,0.2767530474932501,0.26656413226897807,0.24672220003825102,0.27254479274906684,0.2604508867832738,-0.048555613507627673,0.018662946883934422,0.024482028284503233,-0.16455582122668672,-0.23833860819779362,0.9954146476697289,0.998567812948808,1.0,-0.2953839198410049,-0.3072885285556157,-0.33327134384919005,-0.08023415997277848,-0.07300228618280022,-0.058575044072280855,0.5691748449150208,0.6112095449455114,0.5796587827454566,-0.5416058052921394,-0.1277697582964619,0.04494818024083061,-0.152956457586018,-0.026122738190388295,0.09282482770662664,-0.10186150773301823,-0.1334004661885808,-0.04289324100694427,-0.036937601722354343,0.019917649052339125,-0.002810932484478403,-0.15394217669264387,-0.0013601859399370077,-0.07303851988948944,-0.21748780404225718,0.16447523844300443,-0.22066289193799604,0.19391516088058192,-0.17349086560892593,0.17779387269512523,-0.2153786745102941,0.21776819967568917,-0.11282533479016389,0.11483572523797306,-0.09122587039146539,-0.9854685063960495,-0.7277964085405477,-0.6538158340142446,0.011011829525192949,-0.05528946994924638,-0.019592416193189938,-0.033967495716702906
alpha079,0.33231270138895347,-0.08268408228824072,-0.0367600406441102,0.010525906792907493,-0.04572569540748239,-0.37130324440353785,-0.0026794157168588996,0.16968820368708765,0.3972217483886071,0.5596165932139899,0.4727867464706595,-0.1626243067274681,-0.06572101168807835,0.7049894753882713,0.7220028448630599,0.7239082613683724,0.7393951219398196,0.3972217483886071,0.38501764863055404,0.41421090427033663,0.4073371535832119,0.42704873427623685,-0.10022836311500025,-0.052229887683603114,-0.04236006403485333,0.5596165932139899,0.4727867464706595,-0.2890633265805736,-0.2907126779165971,-0.2953839198410049,1.0,0.9955629194611127,0.980508814084032,-0.12833710915503282,-0.011799583778341498,0.15179907020013042,0.5020232624281312,-0.3683052468600375,-0.35257151679771265,0.3903552410624654,-0.2918595275266887,-0.03961111655764252,0.3129811264978605,-0.01831937155777652,0.036765025329850744,0.43999648712646905,0.022146572118114514,0.0002769837556392041,0.04825962763409394,0.38900767997603447,0.6235217780385043,0.24526774131753815,-0.031707866113840695,0.5077404712018911,0.24470444025720262,-0.5632922996032783,0.3773331401524917,-0.5282706317306721,0.2429023418425987,-0.4778637248673571,0.28377598973820295,-0.5595697715815345,0.28424751151498956,-0.2927976502478293,0.2565436183654511,0.28903769434077614,-0.3536497701119978,-0.45410405432510353,0.27075950133537574,0.08297741469097521,0.03521383958105766,0.07704756156134279
alpha080,0.29859324784499514,-0.08815969001969846,-0.006970485290554922,-0.023689231568640362,-0.017405232910670462,-0.3891930912063749,0.027243946413890822,0.16217272599819407,0.37158561977233084,0.5422356641840472,0.45178183542948425,-0.16304890415814,-0.06313122917247714,0.6841343632488982,0.6945755254744381,0.6936927957954251,0.7076911957664439,0.37158561977233084,0.35455235911262967,0.37814653964179057,0.36670151688117014,0.38173997875237586,-0.12192722831772813,-0.07936861020418248,-0.07055604194889023,0.5422356641840472,0.45178183542948425,-0.3025117994888208,-0.30324261397873187,-0.3072885285556157,0.9955629194611127,1.0,0.9937798344007828,-0.17080058647917393,-0.07191830486762371,0.08309166825444111,0.46787856383465065,-0.38771200539957323,-0.3689462292034888,0.40563596612022573,-0.2872205194522299,-0.008647395409357892,0.28343932951050593,-0.0016569515739529048,0.026864693026655225,0.41810965918513904,0.009176039333131988,-0.011106214877373254,0.041610838011033456,0.3589501936461191,0.6023431872100926,0.2268107949008556,-0.05192504342166418,0.48261028502839254,0.23101849982727501,-0.5391339622333948,0.3691440162880751,-0.5138452355726845,0.23682487057708318,-0.4587037044356358,0.27739256258208217,-0.5378806578150132,0.2646220761063368,-0.2735327172407865,0.2430548795158842,0.3037080706345383,-0.34461584805770307,-0.4277269731216111,0.27828859169584996,0.08600933507901637,0.01594555785099015,0.07321504912221144
alpha081,0.26999113663733953,-0.09498577688468911,0.019930766812884894,-0.05033984425630401,0.0016112839033822787,-0.4191360778643377,0.05203262797271032,0.15212560154822788,0.33398648170369927,0.5142829009147913,0.43083047040405775,-0.15788121998191415,-0.05606083164489718,0.6636661846442029,0.6670743041313596,0.6625010645189037,0.6740284096618442,0.33398648170369927,0.3171898256801735,0.33668712639242887,0.31881770507923834,0.3311763769559712,-0.1331064719218942,-0.09754690362704682,-0.09167267977378427,0.5142829009147913,0.43083047040405775,-0.3312905625775623,-0.33063901163113457,-0.33327134384919005,0.980508814084032,0.9937798344007828,1.0,-0.19572607543495488,-0.12015261168813718,0.014752824611527727,0.4130246142417326,-0.41897334509696643,-0.39719111127035,0.43194994418781424,-0.2707371519750318,0.009021082456933187,0.2566439626078352,0.011342218558919002,0.01408230055815373,0.3986280659581061,0.001251816818450248,-0.021025648433169473,0.04306544681417135,0.3240053818053286,0.5694497093771859,0.2057217742102909,-0.06334223612831388,0.4504108840963966,0.21715694204289326,-0.5076640324590467,0.35444139546017817,-0.4899498484239701,0.22724796161633573,-0.4308989155765655,0.2676089046282296,-0.5085925847988924,0.2447542325401578,-0.2520572491046977,0.22834097331249809,0.33426440440092403,-0.31288787242091487,-0.37623149614022927,0.28098635716032055,0.09021712191402659,0.000852208494297733,0.06946323574781663
alpha085,0.26114405386291617,0.07079020371685155,-0.3023785970879934,0.38542291212220803,-0.4124060480609066,0.06023512804525931,-0.36182929966277333,-0.1806434571170701,0.3254762039373237,-0.0807491258007161,0.08090581036437039,0.2991776771679532,0.04118810246106874,0.27466425767252906,0.25154220219038725,0.2617155202219773,0.2373947200063714,0.3254762039373237,0.41420316297835197,0.4244387994654246,0.4332018773135185,0.44039570248559134,0.455440330842644,0.4153918326486307,0.39883734824513206,-0.0807491258007161,0.08090581036437039,-0.0831884929406971,-0.08396123708808408,-0.08023415997277848,-0.12833710915503282,-0.17080058647917393,-0.19572607543495488,1.0,0.9362991393717358,0.8011626036920478,0.04924243269892002,0.0801888536719359,0.040590737403216226,-0.04809162028279388,0.14000033448372423,-0.45630571013758303,0.25516844917789266,-0.0322396400630086,-0.04205131870229118,0.11588348200455464,0.5061799111500939,0.30524922488769246,0.20044535049268752,0.19245018035936112,-0.01066836120417303,0.12780934295940516,0.3438948381514916,0.09417111800016917,0.09611897158690419,-0.11295590147352089,-0.05593562247289035,0.01836247738704598,-0.022002462618188636,-0.032589650322918794,-0.049642566532706996,-0.042569483331245175,-0.01059463511904085,-0.06101767883479573,-0.0743350094211985,0.08307043935579464,0.19843882503347163,0.14012002082406208,-0.28154575241634444,-0.07288525978738608,0.2563351384752554,0.1088523912593496
alpha086,0.3922761415624532,0.055903515777128696,-0.4047993284575013,0.4648932248037627,-0.49824495048440115,0.05769345131332115,-0.4485021082622178,-0.10796332709915914,0.31734109596136945,0.06069712914551531,0.2016542588677023,0.21909160750891457,0.009294334240376678,0.3473765236232959,0.3585196793087579,0.38236645457761237,0.3729942498060605,0.31734109596136945,0.39493299732517473,0.4314959660629179,0.4695200432648107,0.5098519701690358,0.48429290176177414,0.47576951557352665,0.46883311129992405,0.06069712914551531,0.2016542588677023,-0.06314367431208504,-0.07080948354280182,-0.07300228618280022,-0.011799583778341498,-0.07191830486762371,-0.12015261168813718,0.9362991393717358,1.0,0.9467591330870623,0.1466594433233778,0.07773241993939974,0.038901563207360455,-0.039177329831154156,0.13598270706203908,-0.4672118760931988,0.38258216765737074,-0.08137430932014898,-0.003957245151248247,0.22919966817021029,0.4306722554894137,0.28773740229526257,0.2014920288078161,0.319774764915838,0.13711015024946752,0.21958941146057387,0.374040104769879,0.2388185909957871,0.1959469502742278,-0.21492433363396185,0.053414002256095154,-0.09352498762466159,0.06795291566324585,-0.12121029831063804,0.047764843615786076,-0.14605709286680363,0.09861065699640782,-0.1612881829219311,0.02254845373071327,0.05198574637563215,0.1406371453616491,0.027656624811504306,-0.24355408161699946,-0.04079424573998263,0.29841936408774156,0.11365991365383689
alpha087,0.4650624140103938,0.055710200387341015,-0.4275473795036407,0.46403219069160495,-0.4976362658541108,0.04179668599432318,-0.4530138828509666,-0.03825527706888307,0.35384683102523856,0.19679575642677347,0.2976089892747532,0.1484415575648565,-0.012819717223240547,0.41983001069393666,0.4482924140118009,0.4820341556536748,0.4840847472190226,0.35384683102523856,0.415481886911694,0.45580362533794616,0.5101149658811724,0.5593728849702407,0.4365424434700697,0.4506211999529479,0.45569879853710993,0.19679575642677347,0.2976089892747532,-0.037572365018949706,-0.05014218204960356,-0.058575044072280855,0.15179907020013042,0.08309166825444111,0.014752824611527727,0.8011626036920478,0.9467591330870623,1.0,0.2791281421392886,0.0608234149090549,0.025420988293357368,-0.016576418909722,0.08725940048622421,-0.43757418171785695,0.4533615800137835,-0.09684165475632342,0.025931505175303217,0.32036296688572485,0.36423117930106386,0.2681160782931174,0.1735584690050137,0.4093179844326771,0.2860049614118102,0.28251424305149325,0.3455273007454179,0.3589923000345942,0.2566257123733769,-0.323014487010594,0.14697499529907468,-0.20683868332364858,0.12874726454191127,-0.21890099991756312,0.12772235231298412,-0.2612628778400935,0.18714291974033317,-0.24358752999469124,0.10546997765108493,0.019121206898565814,0.03143004803849123,-0.1238168905830591,-0.18689300612277762,-0.030131164184301285,0.30475775457709936,0.11734461299077852
alpha096,0.13389896240838645,-0.014479754760323676,-0.09227920254768747,0.13142053093332154,0.06684615264350191,0.29471677286415776,-0.09057768092514835,0.06730625936110027,0.7494306198297974,0.30997339712065813,0.16836447206907265,-0.06762568690833137,-0.03864065276630287,0.4085291124615972,0.4749784175042983,0.4651552257370191,0.48194672787134524,0.7494306198297974,0.7245768948403037,0.7273078140951665,0.7411362610680804,0.7472902892160408,-0.06381083983556253,0.031035475243903318,0.04127542063379222,0.30997339712065813,0.16836447206907265,0.5704995013341071,0.5718573304253395,0.5691748449150208,0.5020232624281312,0.46787856383465065,0.4130246142417326,0.04924243269892002,0.1466594433233778,0.2791281421392886,1.0,0.31620541342693326,0.28442737131965024,-0.2245260566141601,-0.3846367546753938,-0.0904589847603678,0.14747407060037251,-0.049766841157690415,0.10123637391865072,0.24911135828946404,0.1043460989864628,0.06216746336521334,0.06011826887997532,0.34522173723462174,0.5001337802894122,0.08731823446631204,0.0011193352853224297,0.3597235128947701,-0.007251072305179046,-0.3681591773631444,0.08788191487647315,-0.2849894462698914,0.007624086651127036,-0.28608744071231645,0.0074679081207834315,-0.3238728922890666,0.1532289163858313,-0.15822890956864044,0.124921485861668,-0.5611922476301295,-0.8968069728896632,-0.9583201068383485,0.1836255810626628,-0.001468360326218029,0.05711217051525083,0.06197798268105522
alpha098,-0.12851032657550884,0.07482618417597353,-0.23328131867819338,0.24402866400965423,-0.04340787320781201,0.9902452501782903,-0.2360800246964955,-0.10292157232071658,0.11661984274038052,-0.16821007171755994,-0.19180502698162633,0.10250226458349518,0.03338736009115893,-0.17493200152550326,-0.1448146809007537,-0.13673784275969983,-0.14005464887547173,0.11661984274038052,0.13723629811499596,0.1097676378047833,0.13582659994178986,0.1468373987736896,0.19850988386209178,0.22707595366673042,0.2340468534908947,-0.16821007171755994,-0.19180502698162633,0.6359410731994933,0.6258504384182322,0.6112095449455114,-0.3683052468600375,-0.38771200539957323,-0.41897334509696643,0.0801888536719359,0.07773241993939974,0.0608234149090549,0.31620541342693326,1.0,0.9627565291129597,-0.9661961604694342,0.05354157961339462,-0.038708180377878904,-0.05206664179449394,-0.004827824274580506,0.07456991749926892,-0.19978421362517584,-0.002482444137793194,0.09894127001280507,0.07697029724380024,-0.03344070648808698,-0.08660833001528473,-0.10648410698472643,0.16989807882832475,-0.09192966412517838,-0.09387382773090419,0.12322790735015889,-0.13810615948589605,0.15037089262529454,-0.09541403050572965,0.13772224024519225,-0.1152412877017965,0.14852693089667535,-0.11115204192171926,0.10299160055284827,-0.08815449852990556,-0.6490132496677393,-0.35751739230784796,-0.3384400706920371,-0.158433858234994,-0.07453340695847023,0.08762183127424922,0.04340820379202661
alpha100,-0.17333456632539676,0.031805491924747416,-0.15026685546669924,0.16996468613967738,-0.0059441322088482455,0.9889566273159625,-0.1504732036167024,-0.04296773753356789,0.09098294401447239,-0.19329765056717596,-0.2320781228728932,0.013030435265015721,0.016939052569426502,-0.22904122175056826,-0.1889322382336075,-0.17981247173903256,-0.17840511494729602,0.09098294401447239,0.1079302587713113,0.09175388105438718,0.11402252435303074,0.12457107643839986,0.09741701590420199,0.1351877642165405,0.14498593914886573,-0.19329765056717596,-0.2320781228728932,0.6015016653735251,0.5929739208365661,0.5796587827454566,-0.35257151679771265,-0.3689462292034888,-0.39719111127035,0.040590737403216226,0.038901563207360455,0.025420988293357368,0.28442737131965024,0.9627565291129597,1.0,-0.9935109445833177,0.009763511344563672,0.004912085374907286,-0.09224465662726462,0.0005114571236549268,0.0976462246781782,-0.2451473557562501,-0.04196366085413169,0.0043205509405565955,0.06799331532796028,-0.08226838129162609,-0.13376689307988293,-0.15553829594653906,0.0898036569435863,-0.14684194215989926,-0.12295171655312445,0.14369392620773305,-0.15309184748503174,0.16294638407472153,-0.10261203400447003,0.13437036485867768,-0.1309335613079603,0.16119702718050305,-0.12331349452045577,0.12344126014056638,-0.09969766109427461,-0.6120817569975588,-0.340390698919948,-0.3137928785052071,-0.045776344776206304,-0.03776534242382227,0.07947069331789844,0.050054962787397614
alpha103,0.18176852063506382,-0.06437241036197855,0.16102771206026661,-0.16721355390757203,0.02331830861233524,-0.9894097751641706,0.15649353866351914,0.05253311019449411,-0.05574358007615419,0.2105806543979657,0.247448934197633,-0.05028761018966281,-0.01921977707388794,0.23748263916625925,0.20714334195026626,0.19797050948911538,0.20050134557703825,-0.05574358007615419,-0.0753445949322151,-0.05202603948081683,-0.07412390677328104,-0.08522989591038481,-0.12155364658582735,-0.1481160096824442,-0.15569686177419795,0.2105806543979657,0.247448934197633,-0.5637272724030391,-0.554959239506653,-0.5416058052921394,0.3903552410624654,0.40563596612022573,0.43194994418781424,-0.04809162028279388,-0.039177329831154156,-0.016576418909722,-0.2245260566141601,-0.9661961604694342,-0.9935109445833177,1.0,-0.02837034951608313,-0.008107103948045456,0.10325041032295275,-0.0062241070592347686,-0.08854687423555033,0.27005878443926984,0.042926712355212636,-0.029896547458678802,-0.04600982338443092,0.10556396542993046,0.17136430070274936,0.15872276302788746,-0.09922761505626763,0.1710256692103328,0.12032155972336142,-0.1590693143047462,0.15746886239208632,-0.17379028437620064,0.10647438724518768,-0.15059679936170817,0.1317213815369732,-0.17237963772542997,0.13222894985583347,-0.13341251115394157,0.10891101292380086,0.5751350262329255,0.28062800143841726,0.25367080861705743,0.10047494946727112,0.06855005145907532,-0.07793905196486632,-0.03956695053096161
alpha108,0.16061052586064156,0.033765117080650456,-0.35832900142625485,0.3107520800867711,-0.3130995152694958,0.03544350505817964,-0.3633253040039181,-0.09602101339478199,-0.4000510754546973,0.08616880729716843,0.23600625883533663,0.12511720185737027,0.05543025891950446,-0.1086115786389381,-0.12047241721366467,-0.08868638679352328,-0.08726017581163424,-0.4000510754546973,-0.3895511917974228,-0.34269503914304683,-0.33109840806942326,-0.28208515325662525,0.39665642804634116,0.36784522260729563,0.37857764803659566,0.08616880729716843,0.23600625883533663,-0.0939754338320768,-0.113515033971997,-0.1277697582964619,-0.2918595275266887,-0.2872205194522299,-0.2707371519750318,0.14000033448372423,0.13598270706203908,0.08725940048622421,-0.3846367546753938,0.05354157961339462,0.009763511344563672,-0.02837034951608313,1.0,-0.24830853978074785,0.2704703207532472,0.0620473465134511,-0.08071051821718707,0.32219113513180153,0.045249455020095586,0.15220832474810775,0.09184674422172356,0.07429807740430497,0.018372342854836212,0.04089270665218055,0.2633881699928857,0.05600081371822717,0.27713215437357896,0.11015992716036274,0.22474894769468137,-0.020661529974532824,0.15991398697131717,0.15481719278015585,0.25662371974727943,0.0675777440464137,0.06211282550394147,-0.07765801297733295,0.13768450153650724,0.057409441142126455,0.39096078057966127,0.3908244580717409,-0.29491343183747903,-0.008179211032273885,0.15839795079461538,0.07412366578609342
alpha109,-0.2599878301798545,0.033092026745470106,0.319361361461523,-0.41245620049557663,0.33752240584595317,-0.017563961000457658,0.38092029349233036,0.06502397267846119,-0.01805330433302727,-0.08410217469830339,-0.224914422611214,-0.09588071039738612,-0.05156360670728924,-0.2655878468026697,-0.31778544949492066,-0.3250847210420512,-0.3214223759301412,-0.01805330433302727,-0.16913692199346508,-0.2678427089187139,-0.32097471653149945,-0.34750575316452426,-0.36947940764223003,-0.4086887599817804,-0.39244686221296027,-0.08410217469830339,-0.224914422611214,0.036372776195512165,0.04217703600430696,0.04494818024083061,-0.03961111655764252,-0.008647395409357892,0.009021082456933187,-0.45630571013758303,-0.4672118760931988,-0.43757418171785695,-0.0904589847603678,-0.038708180377878904,0.004912085374907286,-0.008107103948045456,-0.24830853978074785,1.0,-0.27671678921499965,-0.02810039075530795,0.06418625731344811,-0.27885126080042566,-0.1741553860170023,-0.09906326909448626,-0.12498231677535271,-0.20866301253603242,-0.11383029926372215,-0.0666748139654996,-0.3466742422797883,-0.1459582335418195,-0.10648293151267918,0.14123576839977414,-0.04900018830940004,0.09628622396343078,-0.021306140512726165,0.08102076856635908,-0.08260378478684816,0.14131697815522218,-0.12144259523479008,0.08542394273543044,-0.09266694265562142,-0.026685238070797875,-0.06726422175552045,-0.022418585837329988,0.1414014538441018,-0.03809004233103405,-0.2102105833286313,-0.11082433494115097
alpha110,0.7938347323541675,-0.030329433649094368,-0.6173480034461722,0.6067181942314831,-0.5513056360936616,-0.07755200684285471,-0.5933775594717046,0.05788985874333422,0.04945648044407997,0.5082798244243821,0.7469993821848702,-0.02170016940570221,-0.030348336619550213,0.4370189426217524,0.49214119518989824,0.5803095995976955,0.6060794443370279,0.04945648044407997,0.059454667756884565,0.11427664377844463,0.15533278195747852,0.2303031286250009,0.49132429855604287,0.5295653284688708,0.5751284100931003,0.5082798244243821,0.7469993821848702,-0.11851475005163067,-0.13783754299641096,-0.152956457586018,0.3129811264978605,0.28343932951050593,0.2566439626078352,0.25516844917789266,0.38258216765737074,0.4533615800137835,0.14747407060037251,-0.05206664179449394,-0.09224465662726462,0.10325041032295275,0.2704703207532472,-0.27671678921499965,1.0,0.007139936530157745,-0.026383718088893393,0.7746570702374324,0.11592660055906044,0.13056801508987176,0.15995297570371195,0.649055470023599,0.560927025772655,0.43918788955764665,0.3633524765067584,0.6486029846748828,0.5334531572827818,-0.4720750043597755,0.4439713733396422,-0.4287308048665195,0.3850452283514023,-0.34267314794515624,0.4591585395698136,-0.41872410714923847,0.42714952842637266,-0.46342269613341547,0.344713569840426,0.08572398099488523,0.007750043946568147,-0.07744367478152471,-0.10176020625387461,0.0930591108164006,0.49764002652429007,0.17582828449723512
alpha111,-0.1276469823977799,0.021249773634345166,0.08536822636846361,-0.04008577186870717,0.12407245888453083,-0.004603234725589303,0.056094683876232426,-0.1773932061253868,-0.06966707822643584,0.03050814434861987,-0.018927488865234356,0.16413031390318958,0.03821773956806101,0.014577610822646463,-0.012527810739672202,-0.02337810606623788,-0.05718632520455658,-0.06966707822643584,-0.0773129455259618,-0.05764712137435792,-0.07230121848698577,-0.08405974007004172,-0.0019522201585016948,-0.023028546425448337,-0.027932620658911233,0.03050814434861987,-0.018927488865234356,-0.02898645646643524,-0.026699758785644907,-0.026122738190388295,-0.01831937155777652,-0.0016569515739529048,0.011342218558919002,-0.0322396400630086,-0.08137430932014898,-0.09684165475632342,-0.049766841157690415,-0.004827824274580506,0.0005114571236549268,-0.0062241070592347686,0.0620473465134511,-0.02810039075530795,0.007139936530157745,1.0,-0.5749331206826088,0.0033456102793521184,0.013801683809469877,0.06955958955083232,0.05316571110403451,-0.23984685684776774,-0.08071552370701267,-0.12943157641499028,0.09706420279152822,-0.12720324380519593,-0.04673565049440621,0.021031778253682683,-0.025267337276080267,0.012998970766676813,-0.008062843766740699,-0.029615074938289822,-0.004708030596633216,-0.01899980857713771,-0.07193461510725281,0.01753683759535853,-0.07685301725742363,0.03216884585248192,0.007341270363523488,0.04334904133762949,-0.0830251336546492,-0.0779729986589378,-0.001812646920779266,-0.07019644232892436
alpha113,0.0581639394497794,-0.08362119963886686,-0.02238803325200554,-0.011201310416996993,-0.020085834279661242,0.08451583700414654,0.0015119118203684998,0.15845810320144987,0.10077734890054686,-0.05182301513330982,-0.035390919165348186,-0.21453948948290305,-0.0010761987908165752,-0.0473982599080154,-0.01738922482534409,-0.002989887273059543,0.03247087749452918,0.10077734890054686,0.0936130431547282,0.08355531571036508,0.07273816997370407,0.09110677336125442,-0.0732985925239224,-0.052271625126163866,-0.04075408911984144,-0.05182301513330982,-0.035390919165348186,0.09017552555263658,0.0912513386707096,0.09282482770662664,0.036765025329850744,0.026864693026655225,0.01408230055815373,-0.04205131870229118,-0.003957245151248247,0.025931505175303217,0.10123637391865072,0.07456991749926892,0.0976462246781782,-0.08854687423555033,-0.08071051821718707,0.06418625731344811,-0.026383718088893393,-0.5749331206826088,1.0,-0.0206978339782913,-0.057311262037574716,-0.07696415091632844,-0.04155073599456253,0.1375022467857449,-0.0003582225943527686,-0.0637523035202355,-0.10283435354971807,0.0007344301337047684,-0.027609678181205695,-0.00932085416590237,0.008326180983650363,-0.012638159969663595,-0.05856156120159824,0.009176345142156572,-0.032099222322171946,-0.011502775249931358,-0.007925047068150094,0.021987417785394897,0.040342258578687715,-0.08785388688965355,-0.09852891155753778,-0.12048684275096633,0.1860602952757919,0.12186971015564087,-0.03586599344429171,0.0782216216901008
alpha116,0.590779049727543,-0.03390559708568846,-0.4141077224629052,0.4412275950936955,-0.3321972444699095,-0.22847089089567402,-0.42359995606926726,-0.004147639342085103,0.11212635679663897,0.6148545704521596,0.7917859752789426,-0.04303803804468338,-0.016695307168547387,0.4690256795114967,0.5167725798086569,0.5583575372613836,0.573890866141161,0.11212635679663897,0.11275262288122681,0.174067139684311,0.18901620219465087,0.2584666435695625,0.32898548826753327,0.37882362555293136,0.3986040075214324,0.6148545704521596,0.7917859752789426,-0.07810097605885125,-0.09214959669158997,-0.10186150773301823,0.43999648712646905,0.41810965918513904,0.3986280659581061,0.11588348200455464,0.22919966817021029,0.32036296688572485,0.24911135828946404,-0.19978421362517584,-0.2451473557562501,0.27005878443926984,0.32219113513180153,-0.27885126080042566,0.7746570702374324,0.0033456102793521184,-0.0206978339782913,1.0,0.06793946612230417,0.1228803704769508,0.12747590914505685,0.5309264767901787,0.5981165324424761,0.2926924092944065,0.24972893900479357,0.5762196892394499,0.4541957750155979,-0.4711727808449825,0.4455948090414696,-0.47197070390133555,0.33911647016499746,-0.33520588283606323,0.44090813577722887,-0.44820993786686375,0.3914605612173887,-0.4066748517846262,0.3756333157835593,0.05356235516420535,-0.12690979812987147,-0.2051284789303349,-0.009861929010061032,0.06047341110439787,0.35129254692481326,0.1515762667741023
alpha120,0.13858992228081474,0.14474047977350007,-0.11042054766141544,0.15952179043399523,-0.1464878880772402,-0.019908889995552917,-0.14383160984237423,-0.23481080019241096,0.43406411067782746,0.037801534225956245,0.1029234467563517,0.23861676560316344,0.036811945375362615,0.17863727853944328,0.17008131043678065,0.17424763197918117,0.16672932667593648,0.43406411067782746,0.23850129208930104,0.20271192438135208,0.2141082894567712,0.21228278486597765,0.1592581115226992,0.16061368836131906,0.15807204016221096,0.037801534225956245,0.1029234467563517,-0.13893976343771436,-0.13771843478267354,-0.1334004661885808,0.022146572118114514,0.009176039333131988,0.001251816818450248,0.5061799111500939,0.4306722554894137,0.36423117930106386,0.1043460989864628,-0.002482444137793194,-0.04196366085413169,0.042926712355212636,0.045249455020095586,-0.1741553860170023,0.11592660055906044,0.013801683809469877,-0.057311262037574716,0.06793946612230417,1.0,0.26052392948209263,0.1335631784118061,0.0751798349680144,-0.007439118703404749,0.106929914549492,-0.056683428323350556,0.06320755786647375,0.11896075597904018,-0.1764000116550077,0.07870127873039101,-0.11770762174588006,0.047072297504947826,-0.08434549192615025,0.04137603674635345,-0.15401007750475162,-0.04024885719790609,-0.026789379741852887,-0.08756921230855667,0.14174281202721087,0.10743964674467146,0.08453812516310089,-0.19631257936912033,-0.0972020140030753,0.07037159425157571,0.21544739042130545
alpha122,0.15806857285895887,0.33373096480571024,-0.1977161615589268,0.20385474699631323,-0.172400717752579,0.045335867058907395,-0.2292708198140858,-0.1608374905741648,0.2563775121543101,0.10215762461102455,0.1347865545872163,0.5098209662687779,0.03246951499390058,0.26621822636193415,0.20178525727645516,0.18314487109013974,0.17676448963873864,0.2563775121543101,0.11863723119172241,0.10710887537219042,0.11953300727305104,0.11004415514298761,0.32071744894333787,0.2559478980710772,0.23273186373538463,0.10215762461102455,0.1347865545872163,-0.03224211066261394,-0.037567377799510894,-0.04289324100694427,0.0002769837556392041,-0.011106214877373254,-0.021025648433169473,0.30524922488769246,0.28773740229526257,0.2681160782931174,0.06216746336521334,0.09894127001280507,0.0043205509405565955,-0.029896547458678802,0.15220832474810775,-0.09906326909448626,0.13056801508987176,0.06955958955083232,-0.07696415091632844,0.1228803704769508,0.26052392948209263,1.0,0.18941803377614344,0.10264653078953935,0.09526734620864313,0.089230211356634,0.22705148374074408,0.09515096032201659,0.12297395249402783,-0.1222195252078716,0.1071201052392307,-0.1087693272467096,0.05719459377744733,-0.05693685852404421,0.08370900235860267,-0.13059454287434324,0.046513612206790164,-0.09493139331092892,0.027849536160993418,0.02354424390235354,0.04490283944124906,0.016563534201889267,-0.4162734801862483,-0.3202574299851985,0.10704327491037147,-0.023459158413053675
alpha124,0.18460696073671387,-0.5317089604688691,-0.2350850538188564,0.40856931468283314,-0.14891585462794782,0.05767036636423509,-0.27958059336241153,-0.16568081943168997,0.07027808471979441,0.04934108493824452,0.12450334903836748,0.028123888896200808,0.08985901674160948,0.3602234154638426,0.2964556058910098,0.25293900407507075,0.22922918979057014,0.07027808471979441,0.12907859932638882,0.13197896359129688,0.09673726737158815,0.1317118179992522,0.3887879657576907,0.3325245916748333,0.298715866818453,0.04934108493824452,0.12450334903836748,-0.02851549634474017,-0.03351731662318953,-0.036937601722354343,0.04825962763409394,0.041610838011033456,0.04306544681417135,0.20044535049268752,0.2014920288078161,0.1735584690050137,0.06011826887997532,0.07697029724380024,0.06799331532796028,-0.04600982338443092,0.09184674422172356,-0.12498231677535271,0.15995297570371195,0.05316571110403451,-0.04155073599456253,0.12747590914505685,0.1335631784118061,0.18941803377614344,1.0,0.14801572801183704,0.05070080514268732,-0.021780390961310073,0.4739369369818039,0.06071849016234911,0.05998468632487973,-0.04260971869980224,0.002690330237195036,-0.0006172897595829724,-0.01764133846720725,0.004770815920522282,-0.0007350214902807292,0.003495730345660326,0.061140445790831284,-0.09012095292004628,0.06148968584161296,0.020360908720985303,-0.006975128277439606,-0.005014465214633693,0.17709929978034344,0.5271500457964765,0.15108451823433688,0.11240422464622234
alpha142,0.7470393981916954,-0.06294033585102868,-0.5772490149265715,0.5782255479887456,-0.5053660190221352,-0.06268736799621419,-0.5842265458552826,0.1349305434403894,0.21734251463142074,0.40477955960697515,0.5576310611577535,-0.12448165558324945,-0.09399431286628063,0.4334110902759108,0.5252603772310566,0.6055760730063406,0.6447413502516027,0.21734251463142074,0.20694961055409464,0.24430235229211014,0.2935447052234559,0.338827465011843,0.4193431739772341,0.4980328271120747,0.5472121457787323,0.40477955960697515,0.5576310611577535,0.047873741399285914,0.032319827791690244,0.019917649052339125,0.38900767997603447,0.3589501936461191,0.3240053818053286,0.19245018035936112,0.319774764915838,0.4093179844326771,0.34522173723462174,-0.03344070648808698,-0.08226838129162609,0.10556396542993046,0.07429807740430497,-0.20866301253603242,0.649055470023599,-0.23984685684776774,0.1375022467857449,0.5309264767901787,0.0751798349680144,0.10264653078953935,0.14801572801183704,1.0,0.7394921800770825,0.6625358751517232,0.2917269965846529,0.8498131562358532,0.42457792929918126,-0.43483132616202425,0.3129865785680135,-0.3700808267077866,0.29146762863608844,-0.31013485042336425,0.2953473055294523,-0.3383994644458663,0.31868514194943615,-0.35891514598399704,0.22420115801901863,-0.07137949230525734,-0.21822946766221243,-0.3024829451702834,0.004460972717322021,0.12349460482983962,0.41738382752733527,0.15084531259423523
alpha144,0.5541855084737165,-0.03901816803574959,-0.34615131441983477,0.33589647902801567,-0.2375751744146916,-0.1186234352188578,-0.3369048824259305,0.16767345787170804,0.3045382190493831,0.5826438812382215,0.6262835991327402,-0.09801888526464142,-0.058347557388448525,0.4979117976128202,0.5708485400954161,0.6059682876550901,0.6418140160490847,0.3045382190493831,0.28076849952125404,0.31389588681357833,0.32460022177843506,0.355584517827172,0.18353791541185827,0.2625106470688847,0.2888107559727595,0.5826438812382215,0.6262835991327402,0.025482015202981746,0.011458948277523895,-0.002810932484478403,0.6235217780385043,0.6023431872100926,0.5694497093771859,-0.01066836120417303,0.13711015024946752,0.2860049614118102,0.5001337802894122,-0.08660833001528473,-0.13376689307988293,0.17136430070274936,0.018372342854836212,-0.11383029926372215,0.560927025772655,-0.08071552370701267,-0.0003582225943527686,0.5981165324424761,-0.007439118703404749,0.09526734620864313,0.05070080514268732,0.7394921800770825,1.0,0.6466354837979925,0.2046490367078544,0.9181226512860327,0.37871172904123906,-0.44577959440031484,0.4142338145872815,-0.46626535818713843,0.32757175003928807,-0.37193778080551865,0.3678376380066945,-0.4460489365129384,0.36003143043100383,-0.3562481803055294,0.3076863353712217,-0.046818939891019665,-0.3863669098581598,-0.4782377637213066,0.08207007715344632,0.0653087331346463,0.1690869532940592,0.09111521779690727
alpha146,0.49358745672128884,0.05946330433718372,-0.34401155223613955,0.3116976487635319,-0.3162708858790756,-0.133367114329804,-0.36092017566540097,0.11599423864289495,0.07964171840460588,0.32285155622464645,0.44962286980418076,0.0033801066198230556,-0.03266930401959629,0.2330024766776169,0.30255256029167255,0.3524723234960628,0.3837139276153687,0.07964171840460588,0.035063924065943705,0.026635563776300015,0.039741306477451194,0.02824956859501811,0.25155820879825236,0.31128117034256086,0.338404477408961,0.32285155622464645,0.44962286980418076,-0.12923533914092103,-0.14363467092471746,-0.15394217669264387,0.24526774131753815,0.2268107949008556,0.2057217742102909,0.12780934295940516,0.21958941146057387,0.28251424305149325,0.08731823446631204,-0.10648410698472643,-0.15553829594653906,0.15872276302788746,0.04089270665218055,-0.0666748139654996,0.43918788955764665,-0.12943157641499028,-0.0637523035202355,0.2926924092944065,0.106929914549492,0.089230211356634,-0.021780390961310073,0.6625358751517232,0.6466354837979925,1.0,0.16951370730254584,0.8174821989562392,0.371533074550566,-0.2627019756816637,0.2774601956235173,-0.2668936904233954,0.3246035628032956,-0.2722543427885282,0.2993877736559233,-0.28014205113713997,0.2170565427283474,-0.25988812234912356,0.12239110021402899,0.1055875055870563,0.023355714971410983,-0.043034632696875186,-0.09833795143248564,-0.014510801370719193,0.17132030651147895,0.05050816813791204
alpha147,0.3219218040480503,-0.23064529995108346,-0.5346603916963522,0.5941004969176688,-0.4513993441458433,0.1259139249495136,-0.5787577123548725,-0.21005836768041403,-0.11118151201634095,0.11716956798799348,0.21858846215855307,0.3000504653058079,0.065554031032139,0.44031560882962245,0.3940666661648596,0.37152686878212393,0.350202139747653,-0.11118151201634095,0.04025170233657378,0.07407311245244148,0.06116982573984925,0.10621496272219731,0.6890237890816474,0.6359063179693885,0.5990174201198903,0.11716956798799348,0.21858846215855307,0.021212344319252105,0.00790279300960762,-0.0013601859399370077,-0.031707866113840695,-0.05192504342166418,-0.06334223612831388,0.3438948381514916,0.374040104769879,0.3455273007454179,0.0011193352853224297,0.16989807882832475,0.0898036569435863,-0.09922761505626763,0.2633881699928857,-0.3466742422797883,0.3633524765067584,0.09706420279152822,-0.10283435354971807,0.24972893900479357,-0.056683428323350556,0.22705148374074408,0.4739369369818039,0.2917269965846529,0.2046490367078544,0.16951370730254584,1.0,0.2621429301888495,0.1703465160868712,-0.08010409712590147,0.08993341484566983,-0.07109078059052473,0.07663947854580508,-0.014073053476767579,0.09449436077794754,-0.03920007003789811,0.13796412320724397,-0.19237293226160876,0.10062476633108672,-0.04478970268842655,0.04838759125561575,0.034153376329761065,-0.244454568982909,0.2212938207973987,0.288493808051296,0.021005264346635102
alpha148,0.6634522736325292,-0.009393470379171863,-0.4676397970964781,0.4490524781556346,-0.38741390622915944,-0.12537566305032416,-0.4753127815951938,0.1419053575623284,0.22342482799196883,0.5412222944759282,0.6509912917255675,-0.06517664735344116,-0.06418745320355523,0.47073359580005125,0.552413756785811,0.6100837376382949,0.6458186234787775,0.22342482799196883,0.19806598382052323,0.2158422342619063,0.2350014091384974,0.2700015619531523,0.32374913233984737,0.40047953207295595,0.43503049818335815,0.5412222944759282,0.6509912917255675,-0.041240647826462154,-0.058317098286064926,-0.07303851988948944,0.5077404712018911,0.48261028502839254,0.4504108840963966,0.09417111800016917,0.2388185909957871,0.3589923000345942,0.3597235128947701,-0.09192966412517838,-0.14684194215989926,0.1710256692103328,0.05600081371822717,-0.1459582335418195,0.6486029846748828,-0.12720324380519593,0.0007344301337047684,0.5762196892394499,0.06320755786647375,0.09515096032201659,0.06071849016234911,0.8498131562358532,0.9181226512860327,0.8174821989562392,0.2621429301888495,1.0,0.46097221030779123,-0.44920294588807674,0.40725070849598055,-0.4407190597439955,0.37067841639544236,-0.36584860769588456,0.3987064542265671,-0.4323149850949966,0.3485274301950705,-0.37672681306476863,0.26959114833343645,0.014486326658757142,-0.22530022437955638,-0.31908645524095414,-0.01232147958477794,0.057389286179392665,0.2658735423983578,0.10686637326623209
alpha160,0.5231374380696979,-0.024318305163512972,-0.42121753340931506,0.3294296519136628,-0.394234132980887,-0.10987190246505528,-0.37633356565796955,0.03464635836900527,-0.0391648365600312,0.5105673418755405,0.5794718512910184,0.011764456005540472,-0.002988750983193063,0.2866555665335993,0.3051712963988917,0.36003266990179067,0.376017794455944,-0.0391648365600312,-0.06768967118565601,-0.055874186042513686,-0.005873014916987011,0.042134125680708436,0.31371574208932435,0.33531835825565526,0.364485214484366,0.5105673418755405,0.5794718512910184,-0.17857817911066695,-0.1992712115374235,-0.21748780404225718,0.24470444025720262,0.23101849982727501,0.21715694204289326,0.09611897158690419,0.1959469502742278,0.2566257123733769,-0.007251072305179046,-0.09387382773090419,-0.12295171655312445,0.12032155972336142,0.27713215437357896,-0.10648293151267918,0.5334531572827818,-0.04673565049440621,-0.027609678181205695,0.4541957750155979,0.11896075597904018,0.12297395249402783,0.05998468632487973,0.42457792929918126,0.37871172904123906,0.371533074550566,0.1703465160868712,0.46097221030779123,1.0,-0.6640475604477966,0.6769622863758741,-0.5298537278896123,0.6773193935064573,-0.47908250306635675,0.7445379815606061,-0.5546283489748095,0.3980411796460991,-0.3502415386603522,0.3671569275703824,0.14233578841447783,0.11172502715927608,0.04683931307699911,-0.0863477027060246,0.04486155516298133,0.2559981828382211,0.01919663961899805
alpha161,-0.494191970993089,0.009732199097725895,0.22396303578963556,-0.20699680149921326,0.22551591111998287,0.13731682915875595,0.1731912162968662,-0.08891904443592273,-0.33661032879802416,-0.5796066256312652,-0.566288190596157,0.03890640594681171,0.03758076203152892,-0.5128643252349322,-0.5249932737368628,-0.5651464599208155,-0.5746023125137103,-0.33661032879802416,-0.32748296847223746,-0.30808694244819945,-0.3377146937593738,-0.37137984197800805,-0.08842584927032537,-0.11837586249810972,-0.14674294822994371,-0.5796066256312652,-0.566288190596157,0.1513342244236881,0.1572475898569825,0.16447523844300443,-0.5632922996032783,-0.5391339622333948,-0.5076640324590467,-0.11295590147352089,-0.21492433363396185,-0.323014487010594,-0.3681591773631444,0.12322790735015889,0.14369392620773305,-0.1590693143047462,0.11015992716036274,0.14123576839977414,-0.4720750043597755,0.021031778253682683,-0.00932085416590237,-0.4711727808449825,-0.1764000116550077,-0.1222195252078716,-0.04260971869980224,-0.43483132616202425,-0.44577959440031484,-0.2627019756816637,-0.08010409712590147,-0.44920294588807674,-0.6640475604477966,1.0,-0.5744970238940189,0.7217182650036396,-0.49016308804648245,0.7710588594409371,-0.49584085814687723,0.804097251217352,-0.3452277600350079,0.3302701427523723,-0.28737243235320425,-0.14378060152137534,0.19229794989741772,0.29550895107060016,-0.08499911622349478,-0.04945179237047191,-0.2398681842898742,-0.11750977262685192
alpha162,0.40973559538225995,-0.009514654865148006,-0.2885937294888052,0.2053429902859969,-0.24573867643360028,-0.14830744216206831,-0.25411709840008323,-0.02622957338674197,0.048549394674310534,0.6579970446107298,0.5635375725970991,-0.0013647450319852425,0.02827143891132262,0.3451573034939658,0.3461077362967353,0.3896110970784597,0.3979558051352567,0.048549394674310534,0.004571477165989252,0.001870176489971601,0.02824133925890464,0.07562179908827162,0.1903252677165404,0.20480358522539116,0.23674028841097416,0.6579970446107298,0.5635375725970991,-0.18465351902464894,-0.2035125873983882,-0.22066289193799604,0.3773331401524917,0.3691440162880751,0.35444139546017817,-0.05593562247289035,0.053414002256095154,0.14697499529907468,0.08788191487647315,-0.13810615948589605,-0.15309184748503174,0.15746886239208632,0.22474894769468137,-0.04900018830940004,0.4439713733396422,-0.025267337276080267,0.008326180983650363,0.4455948090414696,0.07870127873039101,0.1071201052392307,0.002690330237195036,0.3129865785680135,0.4142338145872815,0.2774601956235173,0.08993341484566983,0.40725070849598055,0.6769622863758741,-0.5744970238940189,1.0,-0.8268567782583445,0.681958892996656,-0.5297566822296396,0.8262785677707585,-0.6886928646649192,0.39507893215303747,-0.39003365828878256,0.3877607608815218,0.1520900840304532,-0.0038642881780792415,-0.07005345470777001,-0.0319066087651274,0.038573885634861714,0.10668447223070919,0.04241894128224634
alpha163,-0.4190500477662101,-7.82691727141814e-05,0.2230498491535138,-0.18871702836152884,0.17463527439529672,0.1611708659847637,0.19286853183283167,-0.006142137491066268,-0.24765094912820929,-0.680261403499448,-0.5726218396961276,0.013705265795122077,0.0031576927391299657,-0.4757382063794218,-0.4849538662690901,-0.5192732730887399,-0.5242666718608211,-0.24765094912820929,-0.19982383124562822,-0.19203385032018444,-0.21366251710296594,-0.25396541619485863,-0.11396598361870032,-0.1444068889240782,-0.17077693104005637,-0.680261403499448,-0.5726218396961276,0.17167546273077353,0.18275677744502009,0.19391516088058192,-0.5282706317306721,-0.5138452355726845,-0.4899498484239701,0.01836247738704598,-0.09352498762466159,-0.20683868332364858,-0.2849894462698914,0.15037089262529454,0.16294638407472153,-0.17379028437620064,-0.020661529974532824,0.09628622396343078,-0.4287308048665195,0.012998970766676813,-0.012638159969663595,-0.47197070390133555,-0.11770762174588006,-0.1087693272467096,-0.0006172897595829724,-0.3700808267077866,-0.46626535818713843,-0.2668936904233954,-0.07109078059052473,-0.4407190597439955,-0.5298537278896123,0.7217182650036396,-0.8268567782583445,1.0,-0.5437587859867035,0.6884532129998503,-0.663588442018296,0.8418748434474836,-0.37734923664042536,0.38236260520071025,-0.34146966641416565,-0.15418226937657206,0.154401141368861,0.23881793597104303,-0.055716653645010744,-0.03887859590548481,-0.14380245245320655,-0.0964966510111777
alpha164,0.3274906569524431,-0.020791713166449146,-0.2882395981685882,0.21103359554682832,-0.22438759811985828,-0.0991706461364957,-0.26497797795872796,0.008234939799885585,-0.05829712409926627,0.5471793403059195,0.5024937399769392,-0.0008894167513398548,-0.027676994330288834,0.23405457689067113,0.25337203378938006,0.2971948910182011,0.3000318740101338,-0.05829712409926627,-0.09108532221341416,-0.09527068700096986,-0.039782634209628354,0.009141403475830163,0.2114428304679947,0.23537425639719528,0.2634211742816957,0.5471793403059195,0.5024937399769392,-0.1409763231163891,-0.15888823919609305,-0.17349086560892593,0.2429023418425987,0.23682487057708318,0.22724796161633573,-0.022002462618188636,0.06795291566324585,0.12874726454191127,0.007624086651127036,-0.09541403050572965,-0.10261203400447003,0.10647438724518768,0.15991398697131717,-0.021306140512726165,0.3850452283514023,-0.008062843766740699,-0.05856156120159824,0.33911647016499746,0.047072297504947826,0.05719459377744733,-0.01764133846720725,0.29146762863608844,0.32757175003928807,0.3246035628032956,0.07663947854580508,0.37067841639544236,0.6773193935064573,-0.49016308804648245,0.681958892996656,-0.5437587859867035,1.0,-0.6384580203433585,0.792585481874565,-0.5898544398764359,0.22407277262874734,-0.24868954553773337,0.21691490149978654,0.10890094846897502,0.049913647585877685,0.005029768981739308,-0.03397222209769356,0.04969913285798125,0.07857864703507657,0.06879747857359098
alpha165,-0.3433792396466862,0.03269276202723815,0.09696643085300591,-0.11022056434803351,0.09190534241904942,0.1404450731548191,0.045223558795998646,-0.1204267695164033,-0.24313774105489397,-0.5056206643138322,-0.4732386231844846,0.06910823273870682,0.016471959726075302,-0.38030817448052334,-0.3916982106727275,-0.43000077273584,-0.4364480539333885,-0.24313774105489397,-0.24631754904918823,-0.22611344543422396,-0.24746449178629165,-0.28599345723208625,0.029723509996596988,0.00507650624109706,-0.028018305502460535,-0.5056206643138322,-0.4732386231844846,0.16557662379736376,0.17003340779018813,0.17779387269512523,-0.4778637248673571,-0.4587037044356358,-0.4308989155765655,-0.032589650322918794,-0.12121029831063804,-0.21890099991756312,-0.28608744071231645,0.13772224024519225,0.13437036485867768,-0.15059679936170817,0.15481719278015585,0.08102076856635908,-0.34267314794515624,-0.029615074938289822,0.009176345142156572,-0.33520588283606323,-0.08434549192615025,-0.05693685852404421,0.004770815920522282,-0.31013485042336425,-0.37193778080551865,-0.2722543427885282,-0.014073053476767579,-0.36584860769588456,-0.47908250306635675,0.7710588594409371,-0.5297566822296396,0.6884532129998503,-0.6384580203433585,1.0,-0.5034735921325973,0.802172176952413,-0.24959100393350886,0.2082696759883883,-0.20512721083059615,-0.16134988990626292,0.13191354520520573,0.2281013748420182,-0.13918346413323493,-0.06547321408461759,-0.12860393340841747,-0.10698072742156968
alpha166,0.40530572804120324,-0.006568829764117256,-0.332851694696822,0.22705569265233505,-0.27023444549521125,-0.1250109197472968,-0.29713957328536483,-0.024285445394131487,-0.05921214481032397,0.6142502804926541,0.5547526864218797,0.007371763937856086,0.017246036647738886,0.27972923439294484,0.29427564019539626,0.3333557511399996,0.33992471305116284,-0.05921214481032397,-0.10104081881169058,-0.08406484236985844,-0.051309608075933814,0.001886173246841228,0.24344568728743385,0.26608807885695646,0.2875574849017079,0.6142502804926541,0.5547526864218797,-0.17409595013026033,-0.19612594921849288,-0.2153786745102941,0.28377598973820295,0.27739256258208217,0.2676089046282296,-0.049642566532706996,0.047764843615786076,0.12772235231298412,0.0074679081207834315,-0.1152412877017965,-0.1309335613079603,0.1317213815369732,0.25662371974727943,-0.08260378478684816,0.4591585395698136,-0.004708030596633216,-0.032099222322171946,0.44090813577722887,0.04137603674635345,0.08370900235860267,-0.0007350214902807292,0.2953473055294523,0.3678376380066945,0.2993877736559233,0.09449436077794754,0.3987064542265671,0.7445379815606061,-0.49584085814687723,0.8262785677707585,-0.663588442018296,0.792585481874565,-0.5034735921325973,1.0,-0.7008624855225783,0.36389984460361074,-0.35599817411189066,0.36665246143933267,0.13477901879536977,0.05256557143320592,0.004872676494060538,-0.0804224137055954,0.025636930081863546,0.11185209579816087,0.0555100593629956
alpha167,-0.4205470872107668,-0.00697816729113711,0.18264995424864017,-0.16535535418041516,0.15092921989300254,0.1592551541138665,0.1458824944065428,-0.07336983877893605,-0.29195520700711136,-0.6424088034219864,-0.5653696999576814,0.005340474784651609,0.012138771639465971,-0.48600758790389065,-0.500815043306509,-0.5329366344584567,-0.5401307878997567,-0.29195520700711136,-0.2523574446285666,-0.24779071968788519,-0.2678390590396034,-0.30589005005431014,-0.062205702468069356,-0.09780348963565708,-0.12053403725910734,-0.6424088034219864,-0.5653696999576814,0.1977493216405752,0.206940230368513,0.21776819967568917,-0.5595697715815345,-0.5378806578150132,-0.5085925847988924,-0.042569483331245175,-0.14605709286680363,-0.2612628778400935,-0.3238728922890666,0.14852693089667535,0.16119702718050305,-0.17237963772542997,0.0675777440464137,0.14131697815522218,-0.41872410714923847,-0.01899980857713771,-0.011502775249931358,-0.44820993786686375,-0.15401007750475162,-0.13059454287434324,0.003495730345660326,-0.3383994644458663,-0.4460489365129384,-0.28014205113713997,-0.03920007003789811,-0.4323149850949966,-0.5546283489748095,0.804097251217352,-0.6886928646649192,0.8418748434474836,-0.5898544398764359,0.802172176952413,-0.7008624855225783,1.0,-0.326709020919212,0.3326875339732865,-0.2820148995552935,-0.18399171974504758,0.1474344059527012,0.2502051330657747,-0.058356851633097305,-0.02092117271921014,-0.12101904243457916,-0.10069199919953033
alpha168,0.4268328206182239,-0.013694316202842383,-0.207603159847822,0.22923118181231458,-0.23044415782752498,-0.11789112759791742,-0.17349902775366233,0.14249381714913625,0.04599183627904496,0.39908800273460954,0.46348371998695864,-0.11377350926537659,0.04381314579810504,0.24257717369932863,0.2821151211894321,0.3070380172800459,0.34478091262160315,0.04599183627904496,0.03437103422708986,0.08653688587832506,0.09012044312059703,0.15111131572311853,0.08261551155662797,0.12142895656086478,0.1354837974643617,0.39908800273460954,0.46348371998695864,-0.08810234132939844,-0.09913997861409139,-0.11282533479016389,0.28424751151498956,0.2646220761063368,0.2447542325401578,-0.01059463511904085,0.09861065699640782,0.18714291974033317,0.1532289163858313,-0.11115204192171926,-0.12331349452045577,0.13222894985583347,0.06211282550394147,-0.12144259523479008,0.42714952842637266,-0.07193461510725281,-0.007925047068150094,0.3914605612173887,-0.04024885719790609,0.046513612206790164,0.061140445790831284,0.31868514194943615,0.36003143043100383,0.2170565427283474,0.13796412320724397,0.3485274301950705,0.3980411796460991,-0.3452277600350079,0.39507893215303747,-0.37734923664042536,0.22407277262874734,-0.24959100393350886,0.36389984460361074,-0.326709020919212,1.0,-0.7735984806762284,0.8714338156726446,0.06904600469813141,-0.043539637388837794,-0.13318709219095473,0.027885563308511885,0.04891318368994576,0.21598893480061143,0.05933405172141452
alpha169,-0.43568219782736417,-0.018101581858118877,0.31501819401234665,-0.27248317610826434,0.30860907156225476,0.11408629817044674,0.29472822374405633,-0.042667346940401134,-0.08442611048318709,-0.4803011095586837,-0.48611623212809485,0.01940407291974165,0.026380331312037757,-0.32052855808165287,-0.343951958380311,-0.37442514945211686,-0.39582481480345644,-0.08442611048318709,-0.06946392938071845,-0.08744387332315721,-0.07495274565737245,-0.13485803150617495,-0.21683118150420455,-0.2449532079692108,-0.26564333962929476,-0.4803011095586837,-0.48611623212809485,0.08724814247878673,0.10093775059062492,0.11483572523797306,-0.2927976502478293,-0.2735327172407865,-0.2520572491046977,-0.06101767883479573,-0.1612881829219311,-0.24358752999469124,-0.15822890956864044,0.10299160055284827,0.12344126014056638,-0.13341251115394157,-0.07765801297733295,0.08542394273543044,-0.46342269613341547,0.01753683759535853,0.021987417785394897,-0.4066748517846262,-0.026789379741852887,-0.09493139331092892,-0.09012095292004628,-0.35891514598399704,-0.3562481803055294,-0.25988812234912356,-0.19237293226160876,-0.37672681306476863,-0.3502415386603522,0.3302701427523723,-0.39003365828878256,0.38236260520071025,-0.24868954553773337,0.2082696759883883,-0.35599817411189066,0.3326875339732865,-0.7735984806762284,1.0,-0.6778297016659692,-0.06221064499744824,0.04739591915330775,0.12565002667097053,0.03125562307330436,-0.017069765439366766,-0.26939950010993224,-0.03359491355999345
alpha170,0.3023689562332773,-0.008624025547183901,-0.1533621737394033,0.15813717194495697,-0.1350895624559775,-0.0946305995906656,-0.11377963451557192,0.1397076011847952,0.015067059115444951,0.41773129543633797,0.45194246779620073,-0.10533815567174726,0.029980729646778958,0.18835671743346405,0.21531319863513756,0.23668503622339832,0.2651830424536332,0.015067059115444951,0.011329185103678911,0.05584947464501587,0.055326759719762406,0.10766210787890587,0.042882684128365406,0.06867475946658182,0.08228739890693404,0.41773129543633797,0.45194246779620073,-0.06916244815461778,-0.07908577513043166,-0.09122587039146539,0.2565436183654511,0.2430548795158842,0.22834097331249809,-0.0743350094211985,0.02254845373071327,0.10546997765108493,0.124921485861668,-0.08815449852990556,-0.09969766109427461,0.10891101292380086,0.13768450153650724,-0.09266694265562142,0.344713569840426,-0.07685301725742363,0.040342258578687715,0.3756333157835593,-0.08756921230855667,0.027849536160993418,0.06148968584161296,0.22420115801901863,0.3076863353712217,0.12239110021402899,0.10062476633108672,0.26959114833343645,0.3671569275703824,-0.28737243235320425,0.3877607608815218,-0.34146966641416565,0.21691490149978654,-0.20512721083059615,0.36665246143933267,-0.2820148995552935,0.8714338156726446,-0.6778297016659692,1.0,0.05142858656529296,-0.05030225179432526,-0.12502323187433598,0.07120263100053308,0.03043719439188597,0.09508894930801744,0.04940637847741078
alpha173,0.12101964652590931,-0.016998910853829294,0.1182138232963323,-0.11905147853043187,-0.07920232731796048,-0.6336988551572831,0.12964305989257485,0.04138372895271051,-0.23529255347025857,0.11154085464395343,0.17960515198982152,0.004159477713339405,0.0020401223412559047,0.24500381666372562,0.17426226551479723,0.17872422978113545,0.16927532835070463,-0.23529255347025857,-0.22360996618548099,-0.21083807820404862,-0.24851914215756662,-0.24410757755495321,-0.021830213472582034,-0.09577107451991515,-0.10897550729029626,0.11154085464395343,0.17960515198982152,-0.9969122599390985,-0.9923644436433031,-0.9854685063960495,0.28903769434077614,0.3037080706345383,0.33426440440092403,0.08307043935579464,0.05198574637563215,0.019121206898565814,-0.5611922476301295,-0.6490132496677393,-0.6120817569975588,0.5751350262329255,0.057409441142126455,-0.026685238070797875,0.08572398099488523,0.03216884585248192,-0.08785388688965355,0.05356235516420535,0.14174281202721087,0.02354424390235354,0.020360908720985303,-0.07137949230525734,-0.046818939891019665,0.1055875055870563,-0.04478970268842655,0.014486326658757142,0.14233578841447783,-0.14378060152137534,0.1520900840304532,-0.15418226937657206,0.10890094846897502,-0.16134988990626292,0.13477901879536977,-0.18399171974504758,0.06904600469813141,-0.06221064499744824,0.05142858656529296,1.0,0.7076437795224911,0.6472922099101075,0.016295483869990336,0.044189622310301525,-0.0227481935006574,0.025597479574164615
alpha174,0.04392668985116629,0.04956830241141706,-0.005654191399454648,-0.007855008077384361,-0.2162855289756872,-0.3430418575604932,-0.0035828368176219908,-0.041678413873360465,-0.5851885539296879,-0.21158713336836563,-0.01731599646696612,0.09911944089097259,0.040437293513394874,-0.20953423373066601,-0.27268027281894386,-0.2527870978130728,-0.2656189440745157,-0.5851885539296879,-0.5547356411755399,-0.5442989790342486,-0.552098294393446,-0.5474478027428419,0.14988847934445773,0.057486778432126004,0.05006974920660416,-0.21158713336836563,-0.01731599646696612,-0.7216601097323734,-0.7264250421046293,-0.7277964085405477,-0.3536497701119978,-0.34461584805770307,-0.31288787242091487,0.19843882503347163,0.1406371453616491,0.03143004803849123,-0.8968069728896632,-0.35751739230784796,-0.340390698919948,0.28062800143841726,0.39096078057966127,-0.06726422175552045,0.007750043946568147,0.007341270363523488,-0.09852891155753778,-0.12690979812987147,0.10743964674467146,0.04490283944124906,-0.006975128277439606,-0.21822946766221243,-0.3863669098581598,0.023355714971410983,0.04838759125561575,-0.22530022437955638,0.11172502715927608,0.19229794989741772,-0.0038642881780792415,0.154401141368861,0.049913647585877685,0.13191354520520573,0.05256557143320592,0.1474344059527012,-0.043539637388837794,0.04739591915330775,-0.05030225179432526,0.7076437795224911,1.0,0.9535274303762211,-0.22447262656028732,-0.008658638463005195,0.027857525579060315,0.01296518227169125
alpha175,-0.053067180435795176,0.0365093579485284,0.03973470926107452,-0.05412905927151621,-0.1534158591219579,-0.32029724515693897,0.027271245950377762,-0.08578394751906701,-0.6305594884899524,-0.28729229658009786,-0.11409980561479238,0.12634322559599284,0.052254184394759345,-0.29249290463968974,-0.3645988550461565,-0.3520102175254363,-0.3714765476845033,-0.6305594884899524,-0.6106916463235071,-0.6186099297107577,-0.6331088878190976,-0.6430642201404609,0.14150416039484917,0.040069418749998975,0.02685284631919188,-0.28729229658009786,-0.11409980561479238,-0.6562027772898049,-0.657340153749957,-0.6538158340142446,-0.45410405432510353,-0.4277269731216111,-0.37623149614022927,0.14012002082406208,0.027656624811504306,-0.1238168905830591,-0.9583201068383485,-0.3384400706920371,-0.3137928785052071,0.25367080861705743,0.3908244580717409,-0.022418585837329988,-0.07744367478152471,0.04334904133762949,-0.12048684275096633,-0.2051284789303349,0.08453812516310089,0.016563534201889267,-0.005014465214633693,-0.3024829451702834,-0.4782377637213066,-0.043034632696875186,0.034153376329761065,-0.31908645524095414,0.04683931307699911,0.29550895107060016,-0.07005345470777001,0.23881793597104303,0.005029768981739308,0.2281013748420182,0.004872676494060538,0.2502051330657747,-0.13318709219095473,0.12565002667097053,-0.12502323187433598,0.6472922099101075,0.9535274303762211,1.0,-0.23436695203945015,-0.010691011280847573,-0.0002303635597446298,-0.012873855016892451
alpha176,-0.055856991797374654,-0.6882384374065302,0.29437832786542645,-0.19521189917303916,0.3544467721684617,-0.11344323632689053,0.3194628010116452,0.19286702156873317,0.06515509531636246,0.0260299007471635,-0.0031926360176197824,-0.6848001468451909,-0.020884507229460586,-0.0955512220338019,-0.027487080317224015,-0.015989772411641682,0.01711917000608741,0.06515509531636246,0.11742033143990328,0.12423264389710707,0.11567684391357205,0.10310705090467338,-0.45291483761736434,-0.38171371608130744,-0.35104518972014803,0.0260299007471635,-0.0031926360176197824,-0.0007542122853418278,0.006907445634660168,0.011011829525192949,0.27075950133537574,0.27828859169584996,0.28098635716032055,-0.28154575241634444,-0.24355408161699946,-0.18689300612277762,0.1836255810626628,-0.158433858234994,-0.045776344776206304,0.10047494946727112,-0.29491343183747903,0.1414014538441018,-0.10176020625387461,-0.0830251336546492,0.1860602952757919,-0.009861929010061032,-0.19631257936912033,-0.4162734801862483,0.17709929978034344,0.004460972717322021,0.08207007715344632,-0.09833795143248564,-0.244454568982909,-0.01232147958477794,-0.0863477027060246,-0.08499911622349478,-0.0319066087651274,-0.055716653645010744,-0.03397222209769356,-0.13918346413323493,-0.0804224137055954,-0.058356851633097305,0.027885563308511885,0.03125562307330436,0.07120263100053308,0.016295483869990336,-0.22447262656028732,-0.23436695203945015,1.0,0.6286256536826756,-0.09028214515754333,0.0747992349756268
alpha178,0.13519301556147512,-0.9113786772192904,-0.05986707923481354,0.1338886813203464,-0.006058552613535564,-0.06582687809757445,-0.03975305268984256,0.05387120996853602,-0.08221429759261091,0.03522006647758576,0.09202679911702295,-0.45043248047248197,0.04451691425775763,0.08954299829334679,0.07652047896648413,0.07358484788390907,0.08198870314204088,-0.08221429759261091,-0.027648210576647434,0.015462426894232408,-0.012369769035185345,0.0033804791977144516,0.0416533209999394,0.030602580868566705,0.0394887092197317,0.03522006647758576,0.09202679911702295,-0.04920066908564518,-0.052069453146013966,-0.05528946994924638,0.08297741469097521,0.08600933507901637,0.09021712191402659,-0.07288525978738608,-0.04079424573998263,-0.030131164184301285,-0.001468360326218029,-0.07453340695847023,-0.03776534242382227,0.06855005145907532,-0.008179211032273885,-0.03809004233103405,0.0930591108164006,-0.0779729986589378,0.12186971015564087,0.06047341110439787,-0.0972020140030753,-0.3202574299851985,0.5271500457964765,0.12349460482983962,0.0653087331346463,-0.014510801370719193,0.2212938207973987,0.057389286179392665,0.04486155516298133,-0.04945179237047191,0.038573885634861714,-0.03887859590548481,0.04969913285798125,-0.06547321408461759,0.025636930081863546,-0.02092117271921014,0.04891318368994576,-0.017069765439366766,0.03043719439188597,0.044189622310301525,-0.008658638463005195,-0.010691011280847573,0.6286256536826756,1.0,0.06200693465416965,0.2674995987757879
alpha183,0.517160665811769,-0.03995370986951165,-0.44479414502049286,0.40956887681377246,-0.44961489234581536,0.08374582008730191,-0.4065173137487423,0.015425740628780512,0.04130639996818932,0.12102554144034693,0.25858647846145205,-0.000968368731231463,-0.0225962108756974,0.2047726885602054,0.22769424342241298,0.28899630540112164,0.30938932109479117,0.04130639996818932,0.050139912119362084,0.06728045258830927,0.11916398457061983,0.15161599894208508,0.3511241844322535,0.3624367190306837,0.3960669768942149,0.12102554144034693,0.25858647846145205,0.002444849722463423,-0.009912575675556954,-0.019592416193189938,0.03521383958105766,0.01594555785099015,0.000852208494297733,0.2563351384752554,0.29841936408774156,0.30475775457709936,0.05711217051525083,0.08762183127424922,0.07947069331789844,-0.07793905196486632,0.15839795079461538,-0.2102105833286313,0.49764002652429007,-0.001812646920779266,-0.03586599344429171,0.35129254692481326,0.07037159425157571,0.10704327491037147,0.15108451823433688,0.41738382752733527,0.1690869532940592,0.17132030651147895,0.288493808051296,0.2658735423983578,0.2559981828382211,-0.2398681842898742,0.10668447223070919,-0.14380245245320655,0.07857864703507657,-0.12860393340841747,0.11185209579816087,-0.12101904243457916,0.21598893480061143,-0.26939950010993224,0.09508894930801744,-0.0227481935006574,0.027857525579060315,-0.0002303635597446298,-0.09028214515754333,0.06200693465416965,1.0,0.0772768336861126
alpha187,0.14773262131116763,-0.060606175999968995,-0.13215942979093173,0.14845406357732124,-0.115347854357654,0.04678370642059493,-0.09573824629751748,0.025671399301949612,0.07288959656717255,0.04453968482611061,0.1546729420603324,-0.103837945663336,-0.02626909023188224,0.0810521788221758,0.08445988068429165,0.11672312454234228,0.1321097814559771,0.07288959656717255,0.027515200303410627,0.06885342861618635,0.0789514741077873,0.04641893910058262,0.0669023775303039,0.06799289302333708,0.08625027162369926,0.04453968482611061,0.1546729420603324,-0.029137263580277614,-0.031587420610311896,-0.033967495716702906,0.07704756156134279,0.07321504912221144,0.06946323574781663,0.1088523912593496,0.11365991365383689,0.11734461299077852,0.06197798268105522,0.04340820379202661,0.050054962787397614,-0.03956695053096161,0.07412366578609342,-0.11082433494115097,0.17582828449723512,-0.07019644232892436,0.0782216216901008,0.1515762667741023,0.21544739042130545,-0.023459158413053675,0.11240422464622234,0.15084531259423523,0.09111521779690727,0.05050816813791204,0.021005264346635102,0.10686637326623209,0.01919663961899805,-0.11750977262685192,0.04241894128224634,-0.0964966510111777,0.06879747857359098,-0.10698072742156968,0.0555100593629956,-0.10069199919953033,0.05933405172141452,-0.03359491355999345,0.04940637847741078,0.025597479574164615,0.01296518227169125,-0.012873855016892451,0.0747992349756268,0.2674995987757879,0.0772768336861126,1.0
